table id,name,phone number,Location,Emp. Group,Function,Gender ,Tenure,Tenure Grp.,Experience (YY.MM),Marital Status,Age in YY.,Hiring Source,Promoted/Non Promoted,Job Role Match,stay/leave
1,sid,9876544345,Pune,B2,Operation,Male,0,< =1,6.08,Single,27.12,Direct,Non Promoted,Yes,leave
2,sid,9876544345,Noida,B7,Support,Male,0,< =1,13,Marr.,38.08,Direct,Promoted,No,stay
3,sid,9876544345,Bangalore,B3,Operation,Male,0.01,< =1,16.05,Marr.,36.04,Direct,Promoted,Yes,stay
4,sid,9876544345,Noida,B2,Operation,Male,0.01,< =1,6.06,Marr.,32.07,Direct,Promoted,Yes,stay
5,sid,9876544345,Lucknow,B2,Operation,Male,0,< =1,7,Marr.,32.05,Direct,Non Promoted,Yes,stay
6,sid,9876544345,Bangalore,B3,Operation,Male,0.01,< =1,9.01,Marr.,39.09,Direct,Promoted,No,stay
7,sid,9876544345,Pune,B2,Operation,Female,0.01,< =1,5.02,Single,28.02,Agency,Promoted,No,stay
8,sid,9876544345,Bangalore,B2,Operation,Male,0.01,< =1,5.11,Marr.,30.11,Agency,Promoted,No,leave
9,sid,9876544345,Bangalore,B2,Operation,Male,0.02,< =1,6.04,Marr.,33.05,Agency,Promoted,No,leave
10,sid,9876544345,Chennai,B2,Operation,Male,0.01,< =1,10.01,Div.,41.06,Direct,Promoted,Yes,stay
11,sid,9876544345,Noida,B1,Operation,Male,0.01,< =1,0.1,Single,27.1,Direct,Non Promoted,No,leave
12,sid,9876544345,Noida,B2,Operation,Male,0.01,< =1,9.08,Marr.,34.09,Direct,Promoted,No,stay
13,sid,9876544345,Hyderabad,B2,Operation,Male,0.01,< =1,6.03,Single,30.01,Direct,Promoted,No,leave
14,sid,9876544345,Nagpur,B2,Operation,other,0.02,< =1,6.09,Marr.,32.07,Direct,Non Promoted,No,leave
15,sid,9876544345,Madurai,B3,Operation,Male,0.02,< =1,11.02,Marr.,39.07,Direct,Promoted,No,stay
16,sid,9876544345,Chennai,B2,Operation,Female,0.02,< =1,5.02,Marr.,26.07,Direct,Promoted,Yes,stay
17,sid,9876544345,Nagpur,B2,Operation,Male,0.02,< =1,5.02,Marr.,27.1,Direct,Promoted,No,leave
18,sid,9876544345,Lucknow,B1,Operation,Male,0.02,< =1,5.02,Marr.,36.03,Direct,Promoted,No,leave
19,sid,9876544345,Noida,B2,Operation,Male,0.02,< =1,4.09,Single,31.09,Direct,Promoted,No,leave
20,shruti,9876544345,Bangalore,B2,Operation,Male,0.03,< =1,5.1,Single,27.08,Agency,Promoted,Yes,stay
21,shruti,9876544345,Hyderabad,B1,Operation,Male,0.03,< =1,4.03,Single,27.07,Direct,Promoted,No,leave
22,shruti,9876544345,Bangalore,B1,Operation,Female,0.03,< =1,0.03,Single,21.05,Direct,Non Promoted,Yes,stay
23,shruti,9876544345,Mumbai,B1,Operation,Female,0.02,< =1,1.1,Single,24.1,Direct,Non Promoted,Yes,stay
24,shruti,9876544345,Hyderabad,B1,Operation,Male,0.03,< =1,3.03,Single,28.08,Direct,Promoted,Yes,stay
25,shruti,9876544345,Hyderabad,B3,Operation,Male,0.02,< =1,11.02,Marr.,39.06,Direct,Non Promoted,Yes,stay
26,shruti,9876544345,Hyderabad,B1,Operation,Male,0.02,< =1,4.04,Single,29.02,Direct,Promoted,No,leave
27,shruti,9876544345,Bangalore,B2,Operation,Female,0.02,< =1,8.04,Single,30.07,Direct,Promoted,No,stay
28,shruti,9876544345,Bangalore,B2,Operation,Male,0.03,< =1,8.03,Marr.,35.07,Direct,Promoted,No,stay
29,shruti,9876544345,Hyderabad,B1,Operation,Male,0.03,< =1,,NTBD,32.08,Direct,Non Promoted,No,stay
30,shruti,9876544345,Chennai,B1,Operation,Male,0.03,< =1,5.03,Single,27.03,Direct,Promoted,No,leave
31,shruti,9876544345,Chennai,B1,Operation,Female,0.03,< =1,1,Single,23.03,Direct,Promoted,No,leave
32,shruti,9876544345,Chennai,B1,Operation,Female,0.03,< =1,3.11,Marr.,26.05,Direct,Promoted,No,stay
33,shruti,9876544345,Chennai,B2,Operation,Female,0.04,< =1,6.1,Marr.,32.04,Agency,Non Promoted,No,stay
34,shruti,9876544345,Hyderabad,B1,Operation,Female,0.03,< =1,4.03,Single,28.12,Direct,Promoted,No,leave
35,shruti,9876544345,Noida,B2,Operation,Male,0.04,< =1,7.04,Marr.,32.02,Agency,Non Promoted,No,stay
36,shruti,9876544345,Noida,B3,Operation,Male,0.03,< =1,9.07,Marr.,36.04,Direct,Promoted,No,leave
37,shruti,9876544345,Noida,B2,Operation,Male,0.04,< =1,6.1,Single,32.04,Direct,Non Promoted,Yes,leave
38,shruti,9876544345,Bangalore,B1,Operation,Female,0.03,< =1,2.04,Single,26.07,Direct,Non Promoted,Yes,leave
39,shruti,9876544345,Hyderabad,B2,Operation,Male,0.04,< =1,9.04,Marr.,38.07,Agency,Promoted,Yes,stay
40,shruti,9876544345,Hyderabad,B1,Operation,Male,0.03,< =1,2.03,Marr.,30.06,Agency,Promoted,No,stay
41,shruti,9876544345,Bangalore,B3,Operation,Male,0.04,< =1,15.04,Marr.,43,Direct,Promoted,Yes,stay
42,shruti,9876544345,Bangalore,B1,Operation,Male,0.04,< =1,0.04,Single,25.06,Direct,Non Promoted,Yes,stay
43,shruti,9876544345,Bangalore,B1,Operation,Male,0.04,< =1,1.08,Single,26.07,Direct,Promoted,No,leave
44,shruti,9876544345,Chennai,B2,Operation,Male,0.04,< =1,5.04,Single,27.05,Direct,Promoted,No,leave
45,shruti,9876544345,Chennai,B1,Operation,Male,0.04,< =1,3.04,Single,26.03,Direct,Non Promoted,No,leave
46,shruti,9876544345,Noida,B2,Operation,Male,0.04,< =1,10.04,Marr.,37,Employee Referral,Non Promoted,No,stay
47,shruti,9876544345,Bangalore,B1,Operation,Female,0.04,< =1,3.07,Marr.,33.1,Direct,Promoted,No,stay
48,shruti,9876544345,Noida,B1,Operation,Male,0.04,< =1,0.1,Single,23.06,Direct,Non Promoted,No,leave
49,shruti,9876544345,Chennai,B2,Operation,Male,0.04,< =1,12.05,Single,39.08,Direct,Non Promoted,No,leave
50,shruti,9876544345,Nagpur,B1,Support,Female,0.04,< =1,2.01,Single,26.02,Direct,Promoted,Yes,stay
51,shruti,9876544345,Bangalore,B1,Operation,Female,0.04,< =1,1.01,Single,24.02,Direct,Non Promoted,Yes,stay
52,shruti,9876544345,Noida,B1,Operation,Male,0.04,< =1,1.06,Single,25.04,Agency,Non Promoted,Yes,stay
53,shruti,9876544345,Noida,B1,Operation,Male,0.05,< =1,1.02,Single,23.08,Agency,Non Promoted,Yes,stay
54,shruti,9876544345,Bangalore,B1,Operation,Female,0.04,< =1,0.04,Single,22.03,Direct,Non Promoted,Yes,stay
55,shruti,9876544345,Noida,B3,Operation,Male,0.05,< =1,6.05,Marr.,36.07,Direct,Promoted,Yes,stay
56,shruti,9876544345,Chennai,B1,Operation,Male,0.05,< =1,2.11,Single,25.01,Direct,Non Promoted,Yes,stay
57,shruti,9876544345,Noida,B3,Operation,Male,0.05,< =1,12.05,Marr.,37.07,Agency,Promoted,No,stay
58,shruti,9876544345,Chennai,B1,Operation,Male,0.05,< =1,3.05,Single,24.04,Direct,Non Promoted,No,leave
59,shruti,9876544345,Chennai,B1,Operation,Male,0.05,< =1,4.09,Marr.,30.04,Direct,Promoted,No,stay
60,shruti,9876544345,Madurai,B2,Operation,Male,0.05,< =1,12.05,Marr.,40.07,Direct,Non Promoted,No,stay
61,shruti,9876544345,Pune,B1,Operation,Female,0.05,< =1,4.06,Single,27.07,Direct,Promoted,No,leave
62,shruti,9876544345,Bangalore,B1,Operation,Male,0.05,< =1,1.03,Single,23.11,Direct,Promoted,No,leave
63,shruti,9876544345,Pune,B2,Operation,Female,0.06,< =1,8.06,Marr.,31.02,Direct,Promoted,No,stay
64,shruti,9876544345,Noida,B3,Operation,Male,0.06,< =1,6.06,Single,30.03,Direct,Non Promoted,Yes,stay
65,shruti,9876544345,Pune,B1,Operation,Female,0.05,< =1,3.04,Single,28.06,Direct,Non Promoted,Yes,stay
66,shruti,9876544345,Noida,B1,Operation,Male,0.06,< =1,1.07,Single,24.03,Direct,Promoted,No,leave
67,shruti,9876544345,Chennai,B3,Operation,Male,0.06,< =1,17.06,Marr.,41.04,Direct,Promoted,No,stay
68,shruti,9876544345,Bangalore,B2,Operation,other,0.06,< =1,6.06,Single,29.05,Agency,Promoted,Yes,stay
69,shruti,9876544345,Chennai,B1,Operation,Female,0.06,< =1,3.1,Single,25.04,Direct,Promoted,Yes,stay
70,shruti,9876544345,Chennai,B1,Operation,Female,0.05,< =1,1.05,Single,23.1,Direct,Promoted,Yes,stay
71,shruti,9876544345,Pune,B2,Operation,Male,0.05,< =1,5,Marr.,28.01,Direct,Promoted,No,leave
72,shruti,9876544345,Chennai,B2,Operation,Female,0.06,< =1,6.03,Marr.,28.08,Direct,Non Promoted,Yes,stay
73,shruti,9876544345,Nagpur,B1,Support,Male,0.06,< =1,2.11,Single,27.06,Direct,Promoted,No,leave
74,shruti,9876544345,Hyderabad,B3,Operation,Male,0.06,< =1,8.06,Marr.,33.03,Agency,Non Promoted,Yes,stay
75,shruti,9876544345,Bangalore,B2,Operation,Male,0.06,< =1,6.1,Single,29.1,Agency,Promoted,No,stay
76,shruti,9876544345,Noida,B2,Operation,Female,0.06,< =1,5.11,Single,27.02,Agency,Promoted,No,leave
77,shruti,9876544345,Bangalore,B5,Sales,Male,0.06,< =1,15.06,Marr.,36.02,Direct,Promoted,No,stay
78,shruti,9876544345,Pune,B2,Operation,Male,0.06,< =1,5.03,Single,26.07,Direct,Non Promoted,Yes,leave
79,shruti,9876544345,Bangalore,B1,Operation,Female,0.06,< =1,10.06,Marr.,33,Direct,Non Promoted,Yes,stay
80,shruti,9876544345,Pune,B1,Operation,Male,0.06,< =1,6.07,Single,28.06,Direct,Non Promoted,Yes,stay
81,shruti,9876544345,Pune,B2,Operation,Male,0.06,< =1,8.06,Marr.,31.05,Agency,Promoted,No,stay
82,shruti,9876544345,Pune,B2,Operation,Female,0.06,< =1,4.11,Single,25.02,Agency,Promoted,No,leave
83,shruti,9876544345,Pune,B1,Operation,Male,0.06,< =1,3.06,Single,27.06,Agency,Non Promoted,Yes,stay
84,shruti,9876544345,Nagpur,B1,Operation,Female,0.09,< =1,0.09,Single,27.1,Direct,Non Promoted,Yes,stay
85,shruti,9876544345,Noida,B3,Sales,Male,0.06,< =1,12.07,Marr.,35.12,Direct,Promoted,No,stay
86,shruti,9876544345,Hyderabad,B1,Operation,Female,0.07,< =1,,NTBD,24.03,Direct,Promoted,Yes,stay
87,shruti,9876544345,Bangalore,B2,Operation,Male,0.06,< =1,7.06,Marr.,34.07,Direct,Promoted,Yes,stay
88,shruti,9876544345,Bangalore,B1,Operation,Male,0.07,< =1,2.07,Single,27.09,Direct,Non Promoted,Yes,stay
89,shruti,9876544345,Bangalore,B3,Operation,Female,0.06,< =1,13.1,Marr.,36.07,Direct,Non Promoted,Yes,stay
90,shruti,9876544345,Bangalore,B1,Operation,Female,0.07,< =1,1.09,Single,24.08,Direct,Non Promoted,Yes,stay
91,shruti,9876544345,Noida,B2,Operation,Male,0.06,< =1,8.01,Marr.,36.1,Direct,Promoted,No,leave
92,shruti,9876544345,Chennai,B3,Sales,Male,0.07,< =1,0.07,Single,26.07,Direct,Non Promoted,No,leave
93,shruti,9876544345,Noida,B2,Operation,Female,0.07,< =1,5.07,Marr.,29.1,Agency,Promoted,No,stay
94,shruti,9876544345,Bangalore,B3,Operation,Female,0.07,< =1,12.07,Marr.,38.09,Agency,Non Promoted,No,stay
95,shruti,9876544345,Bangalore,B2,Operation,other,0.07,< =1,10.07,Div.,41,Direct,Promoted,Yes,stay
96,Dwane,9876544345,Noida,B2,Operation,Male,0.07,< =1,5.01,Single,25.09,Direct,Promoted,No,leave
97,Dwane,9876544345,Noida,B2,Support,Male,0.06,< =1,9.07,Marr.,37.1,Agency,Promoted,No,leave
98,Dwane,9876544345,Pune,B1,Operation,Male,0.07,< =1,3.07,Single,25.07,Agency,Promoted,No,leave
99,Dwane,9876544345,Noida,B2,Operation,Male,0.07,< =1,5.01,Single,28.06,Employee Referral,Non Promoted,Yes,stay
100,Dwane,9876544345,Bangalore,B1,Operation,Male,0.07,< =1,2.06,Single,24.1,Direct,Promoted,No,leave
101,Dwane,9876544345,Chennai,B2,Operation,Male,0.07,< =1,7.07,Marr.,33.08,Direct,Promoted,Yes,stay
102,Dwane,9876544345,Chennai,B1,Operation,Male,0.08,< =1,3.02,Single,27.07,Direct,Promoted,Yes,stay
103,Dwane,9876544345,Hyderabad,B2,Operation,Male,0.08,< =1,9.08,Marr.,36.06,Direct,Promoted,No,stay
104,Dwane,9876544345,Noida,B3,Operation,Male,0.07,< =1,9.11,Marr.,35.08,Direct,Promoted,No,stay
105,Dwane,9876544345,Bangalore,B2,Operation,Male,0.07,< =1,6.08,Single,28.02,Direct,Promoted,No,leave
106,Dwane,9876544345,Noida,B2,Operation,Male,0.08,< =1,7.08,Single,30.04,Agency,Promoted,No,leave
107,Dwane,9876544345,Bangalore,B2,Operation,Male,0.07,< =1,4.1,Single,29.05,Direct,Promoted,No,leave
108,Dwane,9876544345,Bangalore,B1,Operation,Female,0.08,< =1,4.01,Single,27.07,Direct,Non Promoted,No,leave
109,Dwane,9876544345,Bangalore,B1,Operation,Male,0.08,< =1,3.1,Single,27.06,Agency,Promoted,No,leave
110,Dwane,9876544345,Chennai,B1,Operation,Female,0.07,< =1,0.08,Single,22.07,Direct,Non Promoted,Yes,stay
111,Dwane,9876544345,Noida,B1,Operation,Female,0.07,< =1,1.05,Single,25.04,Direct,Promoted,Yes,stay
112,Dwane,9876544345,Bangalore,B1,Operation,Female,0.08,< =1,2.02,Marr.,25.06,Direct,Non Promoted,Yes,stay
113,Dwane,9876544345,Noida,B1,Operation,Male,0.08,< =1,4.08,Single,27.1,Direct,Promoted,No,leave
114,Dwane,9876544345,Bangalore,B2,Operation,Male,0.08,< =1,9.01,Single,33.08,Direct,Promoted,No,leave
115,Dwane,9876544345,Bangalore,B1,Operation,Male,0.08,< =1,4.01,Single,25.06,Direct,Promoted,No,leave
116,Dwane,9876544345,Bangalore,B2,Operation,Male,0.08,< =1,6.1,Marr.,33.02,Agency,Promoted,No,stay
117,Dwane,9876544345,Chennai,B1,Operation,Female,0.08,< =1,3.01,Marr.,31.01,Direct,Promoted,Yes,stay
118,Dwane,9876544345,Pune,B1,Operation,Female,0.08,< =1,3.08,Single,26.01,Direct,Promoted,No,leave
119,Dwane,9876544345,Pune,B2,Operation,Male,0.08,< =1,6.08,Single,27.04,Direct,Promoted,No,leave
120,Dwane,9876544345,Bangalore,B1,Operation,Male,0.08,< =1,1.09,Single,24.04,Employee Referral,Promoted,Yes,stay
121,Dwane,9876544345,Chennai,B1,Operation,Male,0.08,< =1,4.08,Single,30.07,Direct,Non Promoted,No,leave
122,Dwane,9876544345,Chennai,B3,Operation,Male,0.08,< =1,15.03,Marr.,50.07,Employee Referral,Promoted,No,stay
123,Dwane,9876544345,Bangalore,B1,Operation,Female,0.08,< =1,5.05,Single,29.09,Direct,Promoted,No,leave
124,Dwane,9876544345,Noida,B3,Operation,Male,0.08,< =1,9.09,Marr.,34.04,Employee Referral,Promoted,Yes,stay
125,Dwane,9876544345,Noida,B5,Operation,Male,0.08,< =1,25.08,Marr.,40.04,Agency,Non Promoted,No,stay
126,Dwane,9876544345,Bangalore,B1,Operation,Female,0.08,< =1,4.1,Single,28.09,Direct,Promoted,No,leave
127,Dwane,9876544345,Noida,B2,Operation,Male,0.08,< =1,11.04,Single,25.04,Direct,Non Promoted,Yes,stay
128,Dwane,9876544345,Chennai,B2,Operation,Male,0.09,< =1,6.09,Marr.,30.01,Direct,Promoted,No,stay
129,Dwane,9876544345,Chennai,B2,Operation,Male,0.09,< =1,5.05,Marr.,29.02,Employee Referral,Promoted,Yes,stay
130,Dwane,9876544345,Chennai,B2,Operation,Male,0.08,< =1,10.09,Marr.,36,Direct,Non Promoted,Yes,stay
131,Dwane,9876544345,Noida,B1,Operation,Male,0.08,< =1,3.02,Single,27.03,Direct,Non Promoted,Yes,stay
132,Dwane,9876544345,Hyderabad,B1,Operation,Male,0.08,< =1,,NTBD,23.09,Direct,Non Promoted,No,leave
133,Dwane,9876544345,Chennai,B1,Operation,Male,0.08,< =1,1.08,Marr.,30.06,Direct,Non Promoted,Yes,stay
134,Dwane,9876544345,Nagpur,B1,Operation,Male,0.08,< =1,0.08,Single,24.02,Direct,Non Promoted,No,leave
135,Dwane,9876544345,Nagpur,B1,Operation,Female,0.08,< =1,0.09,Marr.,30.01,Direct,Non Promoted,No,stay
136,Dwane,9876544345,Bangalore,B1,Operation,other,0.09,< =1,5.02,Single,28.02,Direct,Non Promoted,No,leave
137,Dwane,9876544345,Hyderabad,B1,Operation,Male,0.09,< =1,5.01,Single,28.07,Direct,Non Promoted,No,leave
138,Dwane,9876544345,Noida,B2,Operation,Male,0.09,< =1,8.09,Marr.,32.09,Direct,Non Promoted,Yes,stay
139,Dwane,9876544345,Chennai,B3,Operation,Male,0.09,< =1,12.09,Marr.,35.12,Direct,Non Promoted,Yes,stay
140,Dwane,9876544345,Chennai,B2,Operation,Male,0.08,< =1,10.09,Marr.,37.07,Direct,Non Promoted,No,stay
141,Dwane,9876544345,Madurai,B2,Operation,Male,0.09,< =1,10.09,Marr.,33.07,Direct,Non Promoted,No,leave
142,Dwane,9876544345,Bangalore,B2,Operation,Male,0.09,< =1,4.03,Single,30.11,Direct,Non Promoted,Yes,stay
143,Dwane,9876544345,Chennai,B1,Operation,Male,0.09,< =1,4.03,Single,27.07,Direct,Non Promoted,Yes,stay
144,Dwane,9876544345,Hyderabad,B1,Operation,Male,0.09,< =1,5.09,Single,35.06,Agency,Non Promoted,No,leave
145,Dwane,9876544345,Pune,B1,Operation,Male,0.09,< =1,4.08,Single,30.09,Agency,Promoted,No,leave
146,Dwane,9876544345,Noida,B1,Support,Male,0.09,< =1,1.09,Marr.,28.11,Direct,Non Promoted,No,leave
147,Dwane,9876544345,Bangalore,B2,Operation,Male,1.03,> 1 & < =3,2.11,Single,30.1,Direct,Non Promoted,No,leave
148,Dwane,9876544345,Chennai,B2,Operation,Female,0.09,< =1,6.01,Marr.,30.08,Direct,Non Promoted,Yes,stay
149,Dwane,9876544345,Chennai,B2,Operation,Male,0.09,< =1,9.02,Marr.,32.03,Direct,Non Promoted,No,stay
150,Dwane,9876544345,Bangalore,B1,Operation,Male,0.09,< =1,5.05,Single,26.06,Direct,Promoted,No,leave
151,Dwane,9876544345,Chennai,B2,Operation,Male,0.09,< =1,8.11,Marr.,38.06,Direct,Non Promoted,Yes,stay
152,Dwane,9876544345,Noida,B3,Operation,Male,0.09,< =1,11.03,Marr.,36.11,Agency,Promoted,No,stay
153,Dwane,9876544345,Madurai,B1,Operation,Male,0.09,< =1,11.03,Marr.,35.04,Direct,Non Promoted,Yes,stay
154,Dwane,9876544345,Bangalore,B1,Operation,Female,0.09,< =1,3.02,Single,24.09,Direct,Non Promoted,Yes,stay
155,Dwane,9876544345,Nagpur,B1,Operation,Male,0.09,< =1,3.11,Marr.,37.07,Direct,Non Promoted,No,leave
156,Dwane,9876544345,Noida,B1,Operation,Male,0.09,< =1,2.1,Single,25.11,Direct,Non Promoted,No,leave
157,Dwane,9876544345,Bangalore,B1,Operation,Female,0.09,< =1,2,Single,24.02,Agency,Promoted,Yes,stay
158,Dwane,9876544345,Chennai,B2,Operation,Male,0.1,< =1,11,Marr.,39.11,Agency,Non Promoted,Yes,stay
159,Dwane,9876544345,Hyderabad,B2,Operation,Female,0.09,< =1,6.09,Marr.,28.05,Agency,Promoted,No,stay
160,Dwane,9876544345,Pune,B1,Operation,Male,0.1,< =1,4.04,Marr.,26.12,Direct,Promoted,Yes,stay
161,Dwane,9876544345,Pune,B2,Operation,other,0.1,< =1,8.01,Single,35.09,Agency,Non Promoted,Yes,stay
162,Dwane,9876544345,Noida,B1,Operation,Male,0.1,< =1,4.1,Single,27.11,Direct,Promoted,No,leave
163,Dwane,9876544345,Noida,B1,Operation,Male,0.11,< =1,0.11,Single,26.01,Direct,Promoted,No,leave
164,Dwane,9876544345,Chennai,B2,Operation,Male,0.09,< =1,7,Marr.,31.09,Direct,Promoted,No,stay
165,Dwane,9876544345,Noida,B2,Operation,Male,0.1,< =1,7.1,Marr.,39,Direct,Non Promoted,No,stay
166,Dwane,9876544345,Bangalore,B2,Operation,Male,0.1,< =1,5.03,Marr.,42.02,Agency,Non Promoted,No,stay
167,Dwane,9876544345,Bangalore,B1,Operation,Male,0.1,< =1,3.09,Single,25.07,Agency,Non Promoted,No,leave
168,Dwane,9876544345,Madurai,B0,Support,Female,0.1,< =1,0.1,Single,23.08,Direct,Non Promoted,Yes,stay
169,Dwane,9876544345,Lucknow,B1,Operation,Male,0.1,< =1,3.06,Single,28.05,Direct,Promoted,Yes,stay
170,Dwane,9876544345,Chennai,B2,Operation,Male,0.1,< =1,6.04,Single,28.05,Direct,Non Promoted,Yes,stay
171,Dwane,9876544345,Chennai,B2,Operation,Female,0.1,< =1,9.05,Single,36.07,Agency,Non Promoted,No,leave
172,Dwane,9876544345,Chennai,B1,Operation,Female,0.1,< =1,2.08,Single,24.12,Direct,Promoted,No,leave
173,Dwane,9876544345,Noida,B2,Operation,Male,0.1,< =1,8.1,Single,31.01,Agency,Promoted,No,leave
174,Dwane,9876544345,Chennai,B1,Operation,Male,0.11,< =1,1.11,Single,24.09,Agency,Promoted,No,leave
175,Dwane,9876544345,Noida,B1,Operation,Female,0.1,< =1,2.01,Single,24.08,Direct,Promoted,Yes,stay
176,Dwane,9876544345,Pune,B1,Operation,Male,0.1,< =1,4.1,Single,27.11,Direct,Non Promoted,Yes,stay
177,Dwane,9876544345,Noida,B2,Operation,Male,0.1,< =1,4.02,Marr.,31.04,Direct,Non Promoted,Yes,stay
178,Dwane,9876544345,Noida,B1,Operation,Male,0.1,< =1,5.04,Single,29.05,Direct,Promoted,No,leave
179,Dwane,9876544345,Chennai,B1,Operation,Male,0.1,< =1,3.1,Marr.,28,Direct,Promoted,No,stay
180,Dwane,9876544345,Bangalore,B2,Operation,Male,0.1,< =1,7.09,Single,31.08,Direct,Promoted,No,leave
181,Dwane,9876544345,Pune,B2,Operation,Male,0.1,< =1,5.03,Marr.,33.05,Direct,Promoted,Yes,stay
182,Dwane,9876544345,Noida,B2,Operation,Male,0.1,< =1,4.01,Single,28.03,Employee Referral,Non Promoted,Yes,stay
183,Dwane,9876544345,Noida,B1,Operation,Male,0.11,< =1,2.07,Single,24.11,Agency,Non Promoted,No,leave
184,Dwane,9876544345,Chennai,B2,Operation,Male,0.1,< =1,12.08,Marr.,38,Employee Referral,Non Promoted,Yes,stay
185,Dwane,9876544345,Nagpur,B1,Operation,Male,0.1,< =1,4,Single,28.11,Direct,Promoted,Yes,stay
186,Dwane,9876544345,Chennai,B1,Operation,Male,0.11,< =1,2.02,Single,23.06,Agency,Non Promoted,No,leave
187,Dwane,9876544345,Pune,B1,Operation,Female,0.11,< =1,5.07,Marr.,29.06,Agency,Non Promoted,Yes,stay
188,Dwane,9876544345,Noida,B2,Operation,Male,0.1,< =1,3,Single,26.05,Direct,Promoted,No,leave
189,Dwane,9876544345,Bangalore,B1,Operation,Male,0.11,< =1,0.11,Single,25.01,Direct,Non Promoted,Yes,stay
190,Dwane,9876544345,Bangalore,B1,Operation,Male,1,< =1,1,Single,23.03,Direct,Non Promoted,Yes,stay
191,Dwane,9876544345,Noida,B1,Operation,Female,0.11,< =1,6.09,Single,29.07,Employee Referral,Non Promoted,Yes,stay
192,Dwane,9876544345,Noida,B4,Sales,Male,0.11,< =1,11.11,Marr.,38.04,Direct,Promoted,Yes,stay
193,Dwane,9876544345,Hyderabad,B1,Operation,Female,0.11,< =1,3.11,Single,26.06,Employee Referral,Non Promoted,Yes,stay
194,Dwane,9876544345,Chennai,B1,Operation,Male,0.11,< =1,5.11,Single,34.08,Agency,Non Promoted,No,leave
195,Dwane,9876544345,Chennai,B1,Operation,Male,0.11,< =1,1.11,Single,28.04,Direct,Non Promoted,Yes,stay
196,Dwane,9876544345,Bangalore,B2,Operation,Male,0.11,< =1,7.01,Marr.,34.03,Agency,Non Promoted,No,stay
197,Dwane,9876544345,Pune,B1,Operation,other,0.11,< =1,3,Single,25.08,Direct,Non Promoted,Yes,stay
198,Dwane,9876544345,Noida,B1,Support,Female,0.1,< =1,3.06,Marr.,27.07,Direct,Non Promoted,No,leave
199,Dwane,9876544345,Noida,B3,Operation,Male,0.11,< =1,19.08,Marr.,35.1,Employee Referral,Promoted,Yes,stay
200,Dwane,9876544345,Pune,B3,Operation,Male,0.11,< =1,11.08,Marr.,34,Direct,Non Promoted,Yes,stay
201,Dwane,9876544345,Noida,B2,Support,Female,0.11,< =1,7.04,Marr.,30.02,Direct,Non Promoted,Yes,stay
202,Dwane,9876544345,Bangalore,B1,Operation,Male,0.11,< =1,3.11,Single,27.01,Direct,Promoted,Yes,stay
203,Dwane,9876544345,Bangalore,B1,Operation,Male,0.11,< =1,4.11,Single,28,Direct,Promoted,No,leave
204,Dwane,9876544345,Bangalore,B2,Operation,Male,0.11,< =1,10.11,Marr.,36.1,Agency,Promoted,No,stay
205,Dwane,9876544345,Chennai,B1,Operation,Male,0.11,< =1,3.05,Single,26.04,Direct,Non Promoted,Yes,stay
206,Dwane,9876544345,Chennai,B2,Operation,Male,0.11,< =1,6.08,Single,28.07,Direct,Non Promoted,Yes,stay
207,Dwane,9876544345,Chennai,B2,Operation,Male,0.11,< =1,5.04,Marr.,30.06,Direct,Non Promoted,No,stay
208,Dwane,9876544345,Hyderabad,B1,Operation,Male,1,< =1,1,NTBD,24.04,Direct,Non Promoted,Yes,stay
209,Dwane,9876544345,Bangalore,B1,Operation,Male,0.11,< =1,5,Single,27.07,Direct,Non Promoted,No,leave
210,Dwane,9876544345,Bangalore,B5,Operation,Female,2.06,> 1 & < =3,2.06,Single,29.1,Direct,Non Promoted,Yes,stay
211,Dwane,9876544345,Hyderabad,B2,Operation,Male,2.08,> 1 & < =3,2.08,NTBD,28.06,Direct,Promoted,No,leave
212,Dwane,9876544345,Bangalore,B1,Operation,Female,0.11,< =1,3.07,Single,26.09,Direct,Non Promoted,No,leave
213,Dwane,9876544345,Bangalore,B1,Operation,Female,0.11,< =1,4.05,Single,27.04,Direct,Non Promoted,Yes,stay
214,Dwane,9876544345,Bangalore,B1,Operation,Female,0.11,< =1,4.08,Marr.,29.04,Direct,Non Promoted,Yes,stay
215,Dwane,9876544345,Chennai,B1,Operation,Female,1,< =1,3.06,Marr.,26.11,Direct,Non Promoted,Yes,stay
216,Dwane,9876544345,Noida,B3,Operation,Male,1,< =1,9.02,Marr.,33.09,Direct,Non Promoted,Yes,stay
217,Dwane,9876544345,Pune,B1,Operation,Male,1,< =1,4,Single,25.05,Direct,Non Promoted,Yes,stay
218,Dwane,9876544345,Bangalore,B4,Operation,Male,0.11,< =1,15.11,Marr.,41.02,Employee Referral,Non Promoted,Yes,stay
219,Dwane,9876544345,Noida,B1,Support,Male,1,< =1,3.07,Single,24.03,Direct,Non Promoted,No,leave
220,Dwane,9876544345,Noida,B1,Support,Male,0.11,< =1,3.01,Single,27.11,Direct,Promoted,Yes,stay
221,Dwane,9876544345,Bangalore,B1,Operation,Male,1,< =1,6.06,Single,38.1,Agency,Non Promoted,No,leave
222,Dwane,9876544345,Noida,B1,Operation,Male,0.11,< =1,4.11,Single,29.12,Agency,Non Promoted,Yes,stay
223,Dwane,9876544345,Chennai,B2,Operation,Male,0.11,< =1,7.11,Marr.,30.11,Direct,Non Promoted,No,stay
224,Dwane,9876544345,Bangalore,B2,Operation,Male,1,< =1,8,Marr.,32.12,Direct,Non Promoted,No,stay
225,Dwane,9876544345,Noida,B1,Operation,Male,1,< =1,2.08,Single,26,Agency,Non Promoted,No,leave
226,Dwane,9876544345,Noida,B1,Operation,Male,0.11,< =1,4.03,Single,29.02,Direct,Non Promoted,Yes,stay
227,Dwane,9876544345,Chennai,B2,Operation,Female,1,< =1,10,Marr.,37.1,Direct,Non Promoted,Yes,stay
228,Dwane,9876544345,Bangalore,B3,Operation,Male,1,< =1,12,Marr.,38.06,Direct,Non Promoted,Yes,stay
229,Dwane,9876544345,Bangalore,B1,Operation,Female,1,< =1,5.06,Marr.,35.05,Direct,Non Promoted,Yes,stay
230,Dwane,9876544345,Chennai,B1,Operation,Male,1,< =1,4.08,Single,28.02,Direct,Non Promoted,No,leave
231,Dwane,9876544345,Pune,B3,Operation,Male,1,< =1,15,Marr.,38.09,Direct,Non Promoted,Yes,leave
232,Dwane,9876544345,Bangalore,B2,Operation,Male,1,< =1,6.01,Marr.,36.06,Direct,Non Promoted,Yes,stay
233,Dwane,9876544345,Bangalore,B1,Operation,Male,1,< =1,3.06,Single,29.05,Agency,Promoted,No,leave
234,Dwane,9876544345,Pune,B2,Operation,Female,1,< =1,6.02,Marr.,29.05,Direct,Non Promoted,Yes,stay
235,Dwane,9876544345,Bangalore,B1,Operation,Female,1,< =1,6.01,Marr.,30.03,Direct,Non Promoted,Yes,stay
236,Dwane,9876544345,Bangalore,B1,Operation,Male,1,< =1,10,Marr.,36.12,Direct,Non Promoted,Yes,leave
237,Dwane,9876544345,Bangalore,B2,Operation,Male,1,< =1,9,Single,28.12,Direct,Non Promoted,Yes,leave
238,Dwane,9876544345,Bangalore,B2,Operation,Male,1,< =1,4,Marr.,26.07,Direct,Non Promoted,Yes,stay
239,Dwane,9876544345,Chennai,B1,Support,Female,1,< =1,5,Marr.,33.06,Direct,Non Promoted,Yes,stay
240,Dwane,9876544345,Pune,B3,Operation,Male,1,< =1,9.01,Marr.,37.07,Agency,Promoted,No,stay
241,Dwane,9876544345,Noida,B1,Operation,Female,1,< =1,2.05,Single,27,Agency,Non Promoted,No,leave
242,Dwane,9876544345,Chennai,B1,Operation,Male,1,< =1,3.08,Marr.,29.01,Direct,Non Promoted,Yes,stay
243,Dwane,9876544345,Hyderabad,B2,Operation,Male,1,< =1,5.08,Marr.,32.02,Direct,Non Promoted,Yes,stay
244,Dwane,9876544345,Bangalore,B2,Operation,Female,1,< =1,9,Marr.,30.07,Direct,Non Promoted,No,stay
245,Dwane,9876544345,Chennai,B1,Operation,Female,1.01,> 1 & < =3,1.09,Single,23.08,Direct,Non Promoted,No,leave
246,Dwane,9876544345,Chennai,B1,Operation,Male,1,< =1,3.07,Single,26.09,Direct,Non Promoted,Yes,stay
247,Dwane,9876544345,Noida,B1,Operation,Male,1,< =1,1.09,Single,26.09,Direct,Non Promoted,Yes,stay
248,Dwane,9876544345,Bangalore,B2,Operation,Female,1,< =1,4,Single,25.01,Direct,Non Promoted,Yes,stay
249,Dwane,9876544345,Bangalore,B2,Operation,Male,1,< =1,9,Marr.,31.03,Direct,Non Promoted,No,leave
250,Arnab,9876544345,Lucknow,B2,Operation,Male,1,< =1,7.05,Marr.,32.02,Direct,Non Promoted,Yes,stay
251,Arnab,9876544345,Madurai,B1,Operation,Female,1,< =1,3.01,Marr.,26.05,Direct,Non Promoted,Yes,stay
252,Arnab,9876544345,Noida,B1,Operation,Male,1,< =1,3.04,Single,24.01,Direct,Non Promoted,Yes,stay
253,Arnab,9876544345,Madurai,B1,Operation,Male,1,< =1,7.02,Marr.,32.06,Direct,Non Promoted,Yes,stay
254,Arnab,9876544345,Hyderabad,B3,Operation,Male,1,< =1,12.02,Marr.,38.11,Agency,Non Promoted,No,leave
255,Arnab,9876544345,Hyderabad,B1,Operation,Male,1.01,> 1 & < =3,7.01,Marr.,30.07,Direct,Promoted,Yes,stay
256,Arnab,9876544345,Bangalore,B1,Operation,Male,1,< =1,4.02,Single,30.01,Direct,Promoted,Yes,stay
257,Arnab,9876544345,Bangalore,B2,Operation,Male,1,< =1,6.08,Single,29.04,Direct,Non Promoted,Yes,stay
258,Arnab,9876544345,Bangalore,B1,Operation,Male,1.01,> 1 & < =3,4.01,Single,27.03,Direct,Promoted,No,leave
259,Arnab,9876544345,Bangalore,B2,Operation,Male,1,< =1,6.09,Single,30.02,Direct,Promoted,Yes,stay
260,Arnab,9876544345,Gurgaon,B1,Operation,Male,1,< =1,2.1,Single,25.11,Employee Referral,Non Promoted,Yes,stay
261,Arnab,9876544345,Chennai,B2,Operation,Male,1.01,> 1 & < =3,6.11,Marr.,29.02,Direct,Non Promoted,Yes,stay
262,Arnab,9876544345,Chennai,B1,Operation,Male,1,< =1,3.11,Single,25.06,Direct,Promoted,Yes,stay
263,Arnab,9876544345,Hyderabad,B1,Operation,Male,1,< =1,5,Single,27.02,Agency,Non Promoted,No,leave
264,Arnab,9876544345,Noida,B2,Operation,Male,1.01,> 1 & < =3,7.11,Single,27.11,Direct,Promoted,No,stay
265,Arnab,9876544345,Chennai,B1,Operation,Female,1.01,> 1 & < =3,4.05,Marr.,30.11,Agency,Non Promoted,Yes,stay
266,Arnab,9876544345,Chennai,B2,Operation,Male,1,< =1,5,Single,28.04,Direct,Non Promoted,Yes,stay
267,Arnab,9876544345,Noida,B1,Support,Male,1.01,> 1 & < =3,3.04,Single,26.05,Direct,Non Promoted,Yes,stay
268,Arnab,9876544345,Bangalore,B2,Operation,Male,1.01,> 1 & < =3,6.05,Marr.,29.09,Direct,Non Promoted,Yes,stay
269,Arnab,9876544345,Hyderabad,B3,Operation,Male,1.01,> 1 & < =3,12.01,Marr.,34.02,Direct,Non Promoted,No,leave
270,Arnab,9876544345,Noida,B2,Operation,Male,1.01,> 1 & < =3,8.06,Marr.,31.03,Direct,Non Promoted,Yes,stay
271,Arnab,9876544345,Nagpur,B1,Operation,Female,1.01,> 1 & < =3,1.01,Marr.,29.04,Direct,Non Promoted,Yes,stay
272,Arnab,9876544345,Noida,B1,Operation,Female,1.01,> 1 & < =3,1.08,Single,23.12,Direct,Promoted,No,leave
273,Arnab,9876544345,Chennai,B1,Operation,Male,1.01,> 1 & < =3,1.1,Single,24.04,Direct,Promoted,No,leave
274,Arnab,9876544345,Chennai,B2,Operation,Male,1.01,> 1 & < =3,8.03,Single,30.02,Direct,Promoted,Yes,stay
275,Arnab,9876544345,Chennai,B2,Operation,Female,1.01,> 1 & < =3,5.09,Single,27.07,Direct,Non Promoted,Yes,stay
276,Arnab,9876544345,Chennai,B1,Operation,Male,1.01,> 1 & < =3,3.03,Single,24.1,Agency,Promoted,No,leave
277,Arnab,9876544345,Chennai,B1,Operation,Male,1.01,> 1 & < =3,2.05,Single,25.03,Direct,Promoted,No,leave
278,Arnab,9876544345,Hyderabad,B1,Operation,Male,1.02,> 1 & < =3,6.04,Single,30.08,Agency,Non Promoted,Yes,leave
279,Arnab,9876544345,Bangalore,B2,Operation,Female,1.01,> 1 & < =3,6.01,Marr.,29.1,Direct,Promoted,Yes,stay
280,Arnab,9876544345,Madurai,B1,Operation,Male,1.01,> 1 & < =3,5.06,Marr.,29.01,Direct,Promoted,Yes,stay
281,Arnab,9876544345,Noida,B1,Support,Female,1.01,> 1 & < =3,4.09,Marr.,30.03,Direct,Non Promoted,Yes,stay
282,Arnab,9876544345,Noida,B3,Operation,Male,1.01,> 1 & < =3,11.01,Marr.,33.08,Direct,Promoted,No,stay
283,Arnab,9876544345,Gurgaon,B1,Operation,Male,1.01,> 1 & < =3,3.07,Single,25.06,Direct,Non Promoted,Yes,stay
284,Arnab,9876544345,Chennai,B2,Operation,Male,1.02,> 1 & < =3,6.02,Single,29.04,Direct,Non Promoted,Yes,stay
285,Arnab,9876544345,Chennai,B1,Operation,Female,1.02,> 1 & < =3,1.02,Single,23.09,Direct,Non Promoted,Yes,stay
286,Arnab,9876544345,Noida,B1,Operation,Male,1.02,> 1 & < =3,1.02,Single,23.1,Direct,Non Promoted,No,leave
287,Arnab,9876544345,Lucknow,B2,Operation,Male,1.02,> 1 & < =3,6.07,Marr.,32.04,Employee Referral,Promoted,No,stay
288,Arnab,9876544345,Chennai,B2,Operation,Male,1.02,> 1 & < =3,4.02,Single,25.11,Agency,Promoted,No,leave
289,Arnab,9876544345,Chennai,B1,Operation,Female,1.02,> 1 & < =3,2.02,Single,24.06,Direct,Non Promoted,Yes,stay
290,Arnab,9876544345,Bangalore,B1,Operation,Male,1.02,> 1 & < =3,3.09,Single,30.06,Direct,Non Promoted,Yes,stay
291,Arnab,9876544345,Hyderabad,B1,Operation,Female,1.02,> 1 & < =3,3.02,Single,26.01,Direct,Promoted,Yes,stay
292,Arnab,9876544345,Nagpur,B1,Operation,Male,1.01,> 1 & < =3,3.09,Single,27.07,Direct,Promoted,No,leave
293,Arnab,9876544345,Noida,B1,Operation,Male,1.02,> 1 & < =3,1.02,Single,24.01,Direct,Non Promoted,Yes,stay
294,Arnab,9876544345,Hyderabad,B1,Operation,Male,1.02,> 1 & < =3,5.07,Single,28.04,Direct,Promoted,Yes,stay
295,Arnab,9876544345,Bangalore,B2,Operation,Female,1.02,> 1 & < =3,11.05,Marr.,32.08,Direct,Promoted,No,stay
296,Arnab,9876544345,Noida,B6,Support,Male,1.02,> 1 & < =3,14.02,Marr.,40.06,Direct,Promoted,Yes,stay
297,Arnab,9876544345,Lucknow,B0,Support,Male,1.02,> 1 & < =3,1.02,Single,24,Direct,Non Promoted,Yes,stay
298,Arnab,9876544345,Noida,B2,Operation,Male,1.02,> 1 & < =3,7.02,Single,29.02,Direct,Promoted,No,leave
299,Arnab,9876544345,Chennai,B1,Operation,Male,1.02,> 1 & < =3,2.03,Single,24.03,Agency,Promoted,No,leave
300,Arnab,9876544345,Chennai,B1,Operation,Male,1.02,> 1 & < =3,4.06,Single,26.12,Direct,Promoted,Yes,stay
301,Arnab,9876544345,Bangalore,B1,Operation,Male,1.02,> 1 & < =3,5.1,Marr.,30.09,Direct,Non Promoted,Yes,stay
302,Arnab,9876544345,Chennai,B1,Operation,Male,1.02,> 1 & < =3,2.09,Single,27.05,Direct,Non Promoted,No,leave
303,Arnab,9876544345,Noida,B2,Operation,Male,1.02,> 1 & < =3,6.02,Single,29.02,Direct,Non Promoted,Yes,stay
304,Arnab,9876544345,Noida,B1,Sales,Female,1.02,> 1 & < =3,1.07,Single,25.03,Direct,Non Promoted,Yes,stay
305,Arnab,9876544345,Noida,B1,Operation,Male,1.02,> 1 & < =3,4.07,Single,26.05,Agency,Non Promoted,No,leave
306,Arnab,9876544345,Chennai,B1,Operation,Male,1.03,> 1 & < =3,2.08,Single,26.05,Direct,Promoted,Yes,stay
307,Arnab,9876544345,Noida,B1,Operation,Male,1.02,> 1 & < =3,6.02,Marr.,27.1,Direct,Non Promoted,Yes,leave
308,Arnab,9876544345,Noida,B2,Operation,Male,1.02,> 1 & < =3,5.02,Single,27.04,Employee Referral,Non Promoted,Yes,stay
309,Arnab,9876544345,Noida,B1,Support,Male,1.02,> 1 & < =3,3.07,Single,28.06,Direct,Promoted,No,leave
310,Arnab,9876544345,Chennai,B1,Operation,Male,1.02,> 1 & < =3,2.03,Single,23.09,Direct,Non Promoted,Yes,stay
311,Arnab,9876544345,Noida,B1,Support,Female,1.03,> 1 & < =3,1.03,Single,24.04,Direct,Promoted,No,leave
312,Arnab,9876544345,Noida,B1,Operation,Female,1.02,> 1 & < =3,3,Single,25.1,Agency,Promoted,No,leave
313,Arnab,9876544345,Noida,B2,Operation,Male,1.03,> 1 & < =3,4.11,Single,28.09,Direct,Promoted,No,leave
314,Arnab,9876544345,Bangalore,B2,Operation,Male,1.02,> 1 & < =3,6.05,Marr.,28.1,Direct,Non Promoted,No,leave
315,Arnab,9876544345,Chennai,B1,Operation,Male,1.03,> 1 & < =3,2.08,Single,24.07,Direct,Non Promoted,No,leave
316,Arnab,9876544345,Chennai,B1,Operation,Male,1.03,> 1 & < =3,5.03,Single,27.12,Direct,Promoted,No,stay
317,Arnab,9876544345,Noida,B2,Operation,Male,1.02,> 1 & < =3,4.02,Marr.,27.06,Employee Referral,Promoted,No,leave
318,Arnab,9876544345,Noida,B2,Operation,Male,1.03,> 1 & < =3,7.07,Marr.,35.05,Agency,Non Promoted,Yes,stay
319,Arnab,9876544345,Noida,B3,Support,Male,1.03,> 1 & < =3,12.03,Marr.,35.1,Direct,Non Promoted,Yes,stay
320,Arnab,9876544345,Kolkata,B1,Operation,Female,1.03,> 1 & < =3,5.11,Single,28.1,Direct,Non Promoted,Yes,stay
321,Arnab,9876544345,Hyderabad,B2,Operation,Male,1.08,> 1 & < =3,1.08,Marr.,43.1,Direct,Non Promoted,Yes,stay
322,Arnab,9876544345,Hyderabad,B1,Operation,Male,1.08,> 1 & < =3,1.08,Single,25.07,Direct,Non Promoted,Yes,stay
323,Arnab,9876544345,Hyderabad,B2,Operation,Male,1.08,> 1 & < =3,1.08,Single,26.08,Direct,Non Promoted,Yes,stay
324,Arnab,9876544345,Hyderabad,B2,Operation,Male,1.08,> 1 & < =3,1.08,Single,33.03,Direct,Non Promoted,No,leave
325,Arnab,9876544345,Lucknow,B0,Support,Female,1.03,> 1 & < =3,1.03,Single,24.02,Direct,Non Promoted,No,leave
326,Arnab,9876544345,Noida,B1,Operation,Female,1.03,> 1 & < =3,1.03,Single,23,Direct,Non Promoted,No,leave
327,Arnab,9876544345,Chennai,B1,Operation,Male,1.03,> 1 & < =3,4.03,Marr.,29.02,Direct,Non Promoted,Yes,stay
328,Arnab,9876544345,Noida,B2,Operation,Male,1.03,> 1 & < =3,8.03,Marr.,35.07,Employee Referral,Non Promoted,Yes,stay
329,Arnab,9876544345,Bangalore,B2,Operation,Male,1.03,> 1 & < =3,6.03,Single,34.01,Direct,Promoted,No,stay
330,Arnab,9876544345,Bangalore,B1,Operation,Male,1.03,> 1 & < =3,1.09,Marr.,27.11,Direct,Non Promoted,Yes,stay
331,Arnab,9876544345,Pune,B2,Operation,Male,1.03,> 1 & < =3,11.08,Marr.,34.06,Direct,Promoted,Yes,stay
332,Arnab,9876544345,Noida,B1,Operation,Female,1.03,> 1 & < =3,4.03,Single,27.04,Direct,Non Promoted,Yes,stay
333,Arnab,9876544345,Noida,B1,Support,Male,1.03,> 1 & < =3,1.03,Single,24.09,Direct,Non Promoted,No,leave
334,Arnab,9876544345,Chennai,B2,Operation,Male,1.03,> 1 & < =3,12.03,Marr.,35.08,Direct,Promoted,No,stay
335,Arnab,9876544345,Bangalore,B2,Operation,Male,1.03,> 1 & < =3,8.03,Marr.,30.05,Direct,Non Promoted,Yes,stay
336,Arnab,9876544345,Chennai,B1,Operation,Male,1.03,> 1 & < =3,4.03,Single,35.08,Direct,Promoted,Yes,stay
337,Arnab,9876544345,Chennai,B1,Operation,Female,1.03,> 1 & < =3,4.03,Marr.,25.06,Direct,Promoted,No,stay
338,Arnab,9876544345,Hyderabad,B2,Operation,Female,1.03,> 1 & < =3,7.06,Marr.,37.06,Direct,Promoted,No,stay
339,Arnab,9876544345,Bangalore,B3,Operation,Female,1.03,> 1 & < =3,14,Marr.,38.09,Direct,Promoted,No,stay
340,Arnab,9876544345,Noida,B2,Operation,Male,1.03,> 1 & < =3,7.05,Marr.,30.05,Direct,Non Promoted,Yes,stay
341,Arnab,9876544345,Noida,B2,Operation,Male,1.03,> 1 & < =3,5.03,Single,27.08,Direct,Promoted,No,leave
342,Arnab,9876544345,Noida,B2,Operation,Male,1.03,> 1 & < =3,4.1,Single,29.09,Agency,Non Promoted,Yes,stay
343,Arnab,9876544345,Noida,B1,Operation,Female,1.03,> 1 & < =3,2.07,Single,27.03,Agency,Non Promoted,Yes,stay
344,Arnab,9876544345,Pune,B1,Operation,Female,1.03,> 1 & < =3,4.08,Single,26.05,Direct,Promoted,Yes,stay
345,Arnab,9876544345,Chennai,B1,Operation,Male,1.03,> 1 & < =3,1.03,Single,23.04,Direct,Non Promoted,Yes,stay
346,Arnab,9876544345,Pune,B2,Operation,Male,1.03,> 1 & < =3,6.08,Marr.,32.1,Employee Referral,Promoted,No,leave
347,Arnab,9876544345,Bangalore,B1,Operation,Female,1.03,> 1 & < =3,3.02,Single,27.11,Direct,Promoted,No,leave
348,Arnab,9876544345,Chennai,B1,Operation,Female,1.03,> 1 & < =3,5.03,Single,27.07,Direct,Promoted,No,stay
349,Arnab,9876544345,Hyderabad,B2,Operation,Female,1.04,> 1 & < =3,12.1,Single,40.02,Direct,Non Promoted,Yes,stay
350,Arnab,9876544345,Chennai,B1,Operation,Male,1.04,> 1 & < =3,3.11,Single,29,Direct,Non Promoted,Yes,stay
351,Arnab,9876544345,Bangalore,B1,Operation,Female,1.03,> 1 & < =3,2.06,Single,23.08,Direct,Non Promoted,Yes,stay
352,Arnab,9876544345,Hyderabad,B1,Operation,Male,1.04,> 1 & < =3,3.1,Single,26.03,Direct,Promoted,No,leave
353,Arnab,9876544345,Noida,B3,Support,Female,1.03,> 1 & < =3,15.05,Marr.,37.03,Agency,Non Promoted,No,leave
354,Arnab,9876544345,Chennai,B4,Support,Male,1.04,> 1 & < =3,16.04,Marr.,42.05,Direct,Non Promoted,Yes,stay
355,Arnab,9876544345,Bangalore,B1,Operation,Female,1.04,> 1 & < =3,4.04,Single,26.09,Direct,Non Promoted,Yes,stay
356,Arnab,9876544345,Bangalore,B2,Operation,Male,1.04,> 1 & < =3,7.03,Single,30.04,Agency,Non Promoted,Yes,leave
357,Arnab,9876544345,Bangalore,B1,Operation,Female,1.04,> 1 & < =3,5.1,Marr.,26.1,Agency,Promoted,No,leave
358,Arnab,9876544345,Bangalore,B2,Operation,Male,1.04,> 1 & < =3,8.04,Single,29.06,Direct,Promoted,Yes,stay
359,Arnab,9876544345,Chennai,B2,Operation,Male,1.04,> 1 & < =3,8.04,Marr.,32.05,Direct,Promoted,No,stay
360,Arnab,9876544345,Noida,B1,Operation,Female,1.04,> 1 & < =3,5.08,Single,28.03,Direct,Promoted,No,leave
361,Arnab,9876544345,Noida,B2,Operation,Male,1.04,> 1 & < =3,8.01,Marr.,32.07,Direct,Promoted,Yes,stay
362,Arnab,9876544345,Lucknow,B1,Operation,Female,1.04,> 1 & < =3,2.04,Single,24.08,Direct,Non Promoted,Yes,stay
363,Arnab,9876544345,Noida,B1,Operation,Male,1.04,> 1 & < =3,4.07,Single,27.02,Direct,Promoted,No,leave
364,Arnab,9876544345,Nagpur,B1,Operation,Female,1.04,> 1 & < =3,4.06,Single,29.09,Direct,Promoted,No,leave
365,Arnab,9876544345,Bangalore,B3,Operation,Male,1.04,> 1 & < =3,15.04,Marr.,37.02,Direct,Promoted,No,stay
366,Arnab,9876544345,Pune,B1,Operation,Male,1.04,> 1 & < =3,6.04,Marr.,31.03,Direct,Promoted,No,leave
367,Arnab,9876544345,Chennai,B1,Operation,Female,1.04,> 1 & < =3,2,Single,23.02,Direct,Non Promoted,Yes,stay
368,Arnab,9876544345,Noida,B1,Support,Male,1.04,> 1 & < =3,6,Marr.,30.04,Direct,Promoted,Yes,stay
369,Arnab,9876544345,Bangalore,B1,Operation,Female,1.04,> 1 & < =3,2.06,Marr.,26.1,Direct,Promoted,No,leave
370,Arnab,9876544345,Hyderabad,B1,Operation,Male,1.04,> 1 & < =3,3.1,Single,26.09,Direct,Promoted,No,leave
371,Arnab,9876544345,Hyderabad,B1,Operation,Male,1.04,> 1 & < =3,2.05,Single,23.07,Employee Referral,Promoted,Yes,stay
372,Arnab,9876544345,Chennai,B1,Operation,Male,1.04,> 1 & < =3,4,Single,26.1,Direct,Non Promoted,Yes,stay
373,Arnab,9876544345,Nagpur,B1,Operation,Male,1.04,> 1 & < =3,4,Single,26.05,Direct,Non Promoted,Yes,stay
374,Arnab,9876544345,Chennai,B2,Operation,Male,1.04,> 1 & < =3,8,Marr.,35.07,Agency,Promoted,Yes,stay
375,Arnab,9876544345,Noida,B2,Operation,Male,1.04,> 1 & < =3,4.06,Single,24.09,Agency,Promoted,No,stay
376,Arnab,9876544345,Noida,B2,Operation,Female,1.04,> 1 & < =3,5,Single,27.06,Direct,Promoted,No,leave
377,Arnab,9876544345,Chennai,B2,Operation,Male,1.04,> 1 & < =3,5.04,Marr.,31.1,Direct,Promoted,No,leave
378,Arnab,9876544345,Bangalore,B2,Operation,Female,1.05,> 1 & < =3,10.07,Marr.,37.06,Direct,Promoted,No,stay
379,Arnab,9876544345,Bangalore,B1,Operation,Male,1.04,> 1 & < =3,6,Single,28.11,Direct,Promoted,No,leave
380,Arnab,9876544345,Noida,B1,Operation,Female,1.05,> 1 & < =3,4.05,Single,27.08,Direct,Promoted,No,stay
381,Arnab,9876544345,Chennai,B1,Operation,Male,1.04,> 1 & < =3,5.05,Marr.,28.02,Direct,Promoted,No,stay
382,Arnab,9876544345,Noida,B1,Operation,Male,1.04,> 1 & < =3,4.11,Single,27.03,Direct,Promoted,No,leave
383,Arnab,9876544345,Chennai,B2,Operation,Female,1.04,> 1 & < =3,9.04,Marr.,31.01,Direct,Non Promoted,Yes,stay
384,Arnab,9876544345,Chennai,B2,Operation,Female,1.05,> 1 & < =3,4.09,Marr.,26.08,Direct,Promoted,No,stay
385,Arnab,9876544345,Madurai,B1,Operation,Male,1.05,> 1 & < =3,5.07,Marr.,27.07,Direct,Promoted,No,leave
386,Arnab,9876544345,Bangalore,B1,Operation,Male,1.05,> 1 & < =3,3.06,Single,26.1,Direct,Promoted,Yes,stay
387,Arnab,9876544345,Hyderabad,B1,Operation,Male,1.05,> 1 & < =3,5.1,Marr.,28.02,Direct,Non Promoted,Yes,leave
388,Arnab,9876544345,Noida,B2,Operation,Female,1.04,> 1 & < =3,5.1,Marr.,29.04,Employee Referral,Promoted,Yes,stay
389,Arnab,9876544345,Noida,B2,Operation,Male,1.04,> 1 & < =3,7.05,Single,30.02,Direct,Non Promoted,Yes,stay
390,Arnab,9876544345,Noida,B3,Support,Male,1.05,> 1 & < =3,8.07,Marr.,37.04,Direct,Promoted,No,stay
391,Arnab,9876544345,Noida,B1,Operation,Female,1.04,> 1 & < =3,6.07,Single,28.09,Direct,Non Promoted,Yes,stay
392,Arnab,9876544345,Noida,B1,Operation,Female,1.05,> 1 & < =3,2.04,Single,24.05,Direct,Promoted,No,leave
393,Arnab,9876544345,Chennai,B1,Operation,Female,1.05,> 1 & < =3,3.11,Single,25.09,Direct,Non Promoted,Yes,stay
394,Arnab,9876544345,Bangalore,B2,Operation,Female,1.05,> 1 & < =3,6.02,Marr.,29.07,Direct,Promoted,No,stay
395,Arnab,9876544345,Bangalore,B1,Operation,Male,1.05,> 1 & < =3,2.01,Single,25.11,Direct,Promoted,No,leave
396,Arnab,9876544345,Bangalore,B2,Operation,Male,1.05,> 1 & < =3,6.03,Marr.,31.07,Direct,Promoted,No,stay
397,Arnab,9876544345,Hyderabad,B2,Operation,Male,1.05,> 1 & < =3,8.11,Marr.,31.04,Direct,Promoted,No,stay
398,Arnab,9876544345,Chennai,B4,Operation,Male,1.05,> 1 & < =3,18.05,Marr.,47.09,Direct,Promoted,No,stay
399,Arnab,9876544345,Noida,B1,Operation,Male,1.05,> 1 & < =3,4.1,Single,29.02,Direct,Non Promoted,Yes,stay
400,Arnab,9876544345,Noida,B1,Support,Female,1.05,> 1 & < =3,2,Single,24.05,Direct,Non Promoted,Yes,stay
401,Arnab,9876544345,Pune,B1,Operation,Male,1.05,> 1 & < =3,6.04,Single,29.09,Direct,Promoted,Yes,stay
402,Arnab,9876544345,Hyderabad,B1,Operation,Male,1.05,> 1 & < =3,4.08,Single,27.08,Direct,Non Promoted,Yes,stay
403,Arnab,9876544345,Pune,B1,Operation,Male,1.05,> 1 & < =3,5,Marr.,29.02,Direct,Non Promoted,Yes,stay
404,Arnab,9876544345,Madurai,B1,Operation,Female,1.05,> 1 & < =3,1.05,Single,24.02,Direct,Promoted,No,leave
405,Arnab,9876544345,Bangalore,B2,Operation,Male,1.05,> 1 & < =3,9.06,Marr.,32.07,Direct,Non Promoted,Yes,stay
406,Arnab,9876544345,Bangalore,B2,Operation,Male,1.05,> 1 & < =3,4.01,Single,28.05,Direct,Promoted,Yes,stay
407,Arnab,9876544345,Hyderabad,B1,Operation,Male,1.05,> 1 & < =3,3,Single,25.09,Direct,Non Promoted,Yes,stay
408,Arnab,9876544345,Chennai,B1,Operation,Female,1.05,> 1 & < =3,5.01,Single,26.08,Employee Referral,Non Promoted,Yes,stay
409,Arnab,9876544345,Chennai,B1,Support,Male,1.05,> 1 & < =3,4.03,Single,24.09,Direct,Promoted,No,leave
410,Arnab,9876544345,Noida,B3,Operation,Male,1.05,> 1 & < =3,13.05,Marr.,37.08,Employee Referral,Non Promoted,Yes,stay
411,Arnab,9876544345,Noida,B7,Support,Male,1.05,> 1 & < =3,21.06,Marr.,45.05,Direct,Promoted,Yes,stay
412,Arnab,9876544345,Noida,B1,Operation,Male,1.05,> 1 & < =3,5.1,Single,28.06,Direct,Non Promoted,Yes,stay
413,Arnab,9876544345,Chennai,B1,Support,Male,1.05,> 1 & < =3,5.02,Marr.,31.03,Direct,Promoted,No,leave
414,Arnab,9876544345,Noida,B1,Operation,Female,1.05,> 1 & < =3,4.09,Single,28.05,Direct,Non Promoted,Yes,stay
415,Arnab,9876544345,Noida,B1,Operation,Female,1.05,> 1 & < =3,3.08,Single,30.1,Direct,Promoted,No,leave
416,Arnab,9876544345,Bangalore,B2,Operation,Female,1.05,> 1 & < =3,6.05,Single,27.03,Direct,Non Promoted,No,leave
417,Arnab,9876544345,Noida,B1,Operation,Male,1.06,> 1 & < =3,2.04,Single,24.02,Direct,Promoted,No,leave
418,Arnab,9876544345,Hyderabad,B1,Operation,Male,1.05,> 1 & < =3,3.11,Single,26.11,Direct,Non Promoted,Yes,stay
419,Arnab,9876544345,Noida,B2,Operation,Male,1.05,> 1 & < =3,6.05,Single,29.01,Agency,Non Promoted,Yes,stay
420,Arnab,9876544345,Lucknow,B2,Operation,Male,1.05,> 1 & < =3,9.02,Marr.,30.07,Direct,Promoted,No,stay
421,Arnab,9876544345,Pune,B4,Operation,Male,1.06,> 1 & < =3,13.08,Marr.,37.09,Direct,Promoted,No,stay
422,Arnab,9876544345,Bangalore,B1,Operation,Male,1.05,> 1 & < =3,5.11,Single,28.04,Direct,Promoted,No,leave
423,Arnab,9876544345,Noida,B2,Operation,Female,1.05,> 1 & < =3,6.05,Single,30.04,Direct,Promoted,Yes,stay
424,Arnab,9876544345,Noida,B1,Support,Female,1.06,> 1 & < =3,4.04,Single,26.03,Direct,Promoted,No,stay
425,Arnab,9876544345,Chennai,B1,Operation,Male,1.05,> 1 & < =3,5.07,Single,28,Direct,Promoted,Yes,stay
426,Arnab,9876544345,Noida,B1,Operation,Male,1.05,> 1 & < =3,1.05,Single,23.12,Direct,Non Promoted,Yes,stay
427,Arnab,9876544345,Chennai,B3,Operation,Male,1.05,> 1 & < =3,13.1,Marr.,37.11,Direct,Promoted,No,stay
428,Arnab,9876544345,Chennai,B2,Operation,Male,1.05,> 1 & < =3,6.11,Single,28.05,Direct,Non Promoted,No,leave
429,Arnab,9876544345,Pune,B1,Operation,Male,1.06,> 1 & < =3,5.02,Single,27.04,Agency,Promoted,No,stay
430,Arnab,9876544345,Hyderabad,B1,Operation,Female,1.06,> 1 & < =3,5.01,Marr.,26.07,Direct,Promoted,No,stay
431,Arnab,9876544345,Chennai,B1,Operation,Male,1.06,> 1 & < =3,4.06,Marr.,31.06,Direct,Promoted,No,stay
432,Arnab,9876544345,Chennai,B1,Operation,Male,1.06,> 1 & < =3,4.06,Single,26.01,Direct,Promoted,Yes,stay
433,Arnab,9876544345,Pune,B1,Operation,Male,1.06,> 1 & < =3,4.06,Single,27.06,Direct,Non Promoted,No,leave
434,Arnab,9876544345,Bangalore,B2,Operation,Female,1.06,> 1 & < =3,5.1,Single,27.1,Direct,Non Promoted,Yes,stay
435,Arnab,9876544345,Noida,B2,Operation,Male,1.06,> 1 & < =3,5.02,Single,27.07,Direct,Promoted,No,leave
436,Arnab,9876544345,Noida,B1,Operation,Female,1.06,> 1 & < =3,3,Single,25.02,Direct,Promoted,No,leave
437,Arnab,9876544345,Bangalore,B1,Operation,Female,1.06,> 1 & < =3,2.11,Marr.,25.07,Direct,Non Promoted,Yes,stay
438,Arnab,9876544345,Bangalore,B1,Operation,Male,1.06,> 1 & < =3,4.08,Single,26.08,Direct,Promoted,No,leave
439,Arnab,9876544345,Madurai,B2,Operation,Male,1.06,> 1 & < =3,7.09,Marr.,33.08,Direct,Promoted,Yes,stay
440,Arnab,9876544345,Bangalore,B1,Operation,Male,1.06,> 1 & < =3,7.08,Single,28.02,Direct,Promoted,No,stay
441,Arnab,9876544345,Chennai,B2,Sales,Female,1.07,> 1 & < =3,3.07,Single,28.01,Direct,Promoted,No,leave
442,Arnab,9876544345,Chennai,B1,Operation,Male,1.06,> 1 & < =3,4.1,Single,28.07,Direct,Non Promoted,Yes,stay
443,Arnab,9876544345,Noida,B2,Operation,Male,1.07,> 1 & < =3,1.07,Single,25.11,Direct,Non Promoted,Yes,stay
444,Arnab,9876544345,Bangalore,B2,Operation,Male,1.06,> 1 & < =3,7.06,Marr.,34.06,Agency,Non Promoted,Yes,stay
445,Arnab,9876544345,Lucknow,B1,Operation,Male,1.06,> 1 & < =3,3.08,Single,26.08,Direct,Promoted,No,leave
446,Arnab,9876544345,Mumbai,B1,Operation,Female,1.06,> 1 & < =3,2.08,Single,25.04,Direct,Non Promoted,No,leave
447,Arnab,9876544345,Noida,B4,Sales,Male,1.06,> 1 & < =3,11.06,Marr.,32,Employee Referral,Promoted,Yes,stay
448,Arnab,9876544345,Noida,B3,Operation,Male,1.06,> 1 & < =3,8.06,Marr.,31.05,Direct,Non Promoted,Yes,stay
449,Arnab,9876544345,Chennai,B1,Operation,Male,1.07,> 1 & < =3,3.02,Single,28.01,Direct,Promoted,No,leave
450,Arnab,9876544345,Chennai,B1,Operation,Female,1.06,> 1 & < =3,5,Single,28.11,Direct,Promoted,Yes,leave
451,Arnab,9876544345,Bangalore,B2,Operation,Male,1.06,> 1 & < =3,5.1,Marr.,28.03,Direct,Promoted,Yes,stay
452,Arnab,9876544345,Bangalore,B2,Operation,Male,1.06,> 1 & < =3,4.06,Single,28.05,Direct,Promoted,No,leave
453,Arnab,9876544345,Bangalore,B2,Operation,Male,1.07,> 1 & < =3,8.07,Marr.,30.11,Direct,Promoted,No,stay
454,Arnab,9876544345,Pune,B1,Operation,Female,1.07,> 1 & < =3,4.03,Single,29.05,Direct,Promoted,No,leave
455,Arnab,9876544345,Chennai,B2,Operation,Male,1.06,> 1 & < =3,3.11,Marr.,28.03,Employee Referral,Promoted,Yes,stay
456,Arnab,9876544345,Noida,B3,Operation,Male,1.07,> 1 & < =3,11.07,Marr.,38.06,Direct,Non Promoted,Yes,stay
457,Arnab,9876544345,Chennai,B1,Operation,Female,1.08,> 1 & < =3,1.08,Marr.,28.05,Direct,Promoted,Yes,stay
458,Arnab,9876544345,Noida,B2,Operation,Male,1.07,> 1 & < =3,6.07,Single,27.06,Direct,Promoted,Yes,stay
459,Arnab,9876544345,Bangalore,B1,Operation,Male,1.07,> 1 & < =3,2.07,Single,25.12,Direct,Non Promoted,Yes,stay
460,Arnab,9876544345,Bangalore,B1,Operation,Male,1.06,> 1 & < =3,4.06,Single,26.11,Employee Referral,Promoted,Yes,stay
461,Arnab,9876544345,Noida,B2,Operation,Male,1.06,> 1 & < =3,9.01,Marr.,32.06,Direct,Non Promoted,Yes,stay
462,Arnab,9876544345,Nagpur,B1,Operation,Male,1.07,> 1 & < =3,4.01,Single,28.08,Direct,Non Promoted,No,leave
463,Arnab,9876544345,Noida,B2,Operation,Male,1.07,> 1 & < =3,6.03,Single,28.03,Direct,Non Promoted,No,stay
464,Arnab,9876544345,Madurai,B1,Operation,Male,1.07,> 1 & < =3,6.02,Marr.,28.09,Direct,Non Promoted,No,stay
465,Arnab,9876544345,Noida,B0,Support,Male,1.07,> 1 & < =3,1.07,Single,27.04,Direct,Promoted,No,leave
466,Arnab,9876544345,Chennai,B1,Operation,Male,1.07,> 1 & < =3,5.07,Single,27.04,Direct,Promoted,No,leave
467,Arnab,9876544345,Bangalore,B2,Operation,Female,1.07,> 1 & < =3,11.02,Marr.,33.08,Direct,Promoted,No,stay
468,Arnab,9876544345,Chennai,B2,Operation,Male,1.07,> 1 & < =3,6.02,Marr.,41.04,Direct,Promoted,Yes,stay
469,Arnab,9876544345,Chennai,B1,Operation,Male,1.07,> 1 & < =3,5.03,Single,28.07,Direct,Promoted,No,leave
470,Arnab,9876544345,Chennai,B2,Operation,Male,1.07,> 1 & < =3,7.09,Marr.,32.04,Direct,Promoted,No,stay
471,Arnab,9876544345,Madurai,B1,Operation,Male,1.07,> 1 & < =3,1.07,Single,29.03,Direct,Promoted,No,leave
472,Arnab,9876544345,Chennai,B1,Operation,Female,1.08,> 1 & < =3,5,Marr.,26.07,Direct,Promoted,No,stay
473,Arnab,9876544345,Chennai,B1,Operation,Female,1.07,> 1 & < =3,1.07,Marr.,25.03,Direct,Non Promoted,Yes,stay
474,Arnab,9876544345,Pune,B2,Operation,Male,1.07,> 1 & < =3,7.08,Marr.,31.09,Direct,Promoted,Yes,stay
475,Arnab,9876544345,Chennai,B1,Operation,Male,1.07,> 1 & < =3,3.08,Single,26.11,Direct,Promoted,No,leave
476,Arnab,9876544345,Chennai,B2,Operation,Male,1.08,> 1 & < =3,7.1,Marr.,35.06,Direct,Promoted,No,stay
477,Arnab,9876544345,Bangalore,B1,Operation,Female,1.08,> 1 & < =3,1.08,Single,23.1,Direct,Promoted,No,leave
478,Arnab,9876544345,Hyderabad,B1,Operation,Male,1.07,> 1 & < =3,6.09,Marr.,35.11,Direct,Promoted,No,stay
479,Arnab,9876544345,Noida,B1,Support,Female,1.08,> 1 & < =3,2.11,Marr.,26.12,Direct,Promoted,No,leave
480,Arnab,9876544345,Madurai,B1,Operation,Male,1.08,> 1 & < =3,4.08,Single,30.05,Direct,Promoted,Yes,stay
481,Arnab,9876544345,Madurai,B2,Operation,Male,1.08,> 1 & < =3,7.11,Single,29.06,Direct,Promoted,Yes,stay
482,Arnab,9876544345,Madurai,B1,Operation,Male,1.07,> 1 & < =3,6.11,Single,27.08,Direct,Promoted,Yes,stay
483,Arnab,9876544345,Noida,B2,Operation,Male,1.07,> 1 & < =3,7.03,Marr.,30.11,Direct,Promoted,No,stay
484,Arnab,9876544345,Noida,B0,Support,Female,1.08,> 1 & < =3,1.08,Marr.,24.01,Direct,Promoted,No,leave
485,Arnab,9876544345,Lucknow,B1,Support,Male,1.08,> 1 & < =3,6.08,Single,28.03,Direct,Promoted,No,stay
486,Arnab,9876544345,Bangalore,B2,Operation,Male,1.08,> 1 & < =3,5.04,Marr.,35.08,Agency,Promoted,No,stay
487,Arnab,9876544345,Hyderabad,B3,Operation,Male,1.08,> 1 & < =3,11.08,Marr.,38.07,Employee Referral,Promoted,Yes,stay
488,Arnab,9876544345,Noida,B1,Support,Male,1.08,> 1 & < =3,5.01,Marr.,29.05,Direct,Promoted,Yes,stay
489,Arnab,9876544345,Pune,B1,Operation,Female,1.08,> 1 & < =3,2.08,Single,25.11,Direct,Promoted,No,leave
490,Arnab,9876544345,Noida,B1,Operation,Male,1.08,> 1 & < =3,3.08,Single,26.1,Direct,Non Promoted,Yes,stay
491,Arnab,9876544345,Bangalore,B1,Operation,Female,1.08,> 1 & < =3,2.1,Single,25.09,Direct,Promoted,Yes,stay
492,Arnab,9876544345,Hyderabad,B1,Operation,Male,1.08,> 1 & < =3,3.1,Single,27.07,Direct,Promoted,No,leave
493,Arnab,9876544345,Noida,B1,Operation,Female,1.08,> 1 & < =3,1.09,Single,24.05,Direct,Promoted,No,leave
494,Arnab,9876544345,Bangalore,B1,Operation,Male,1.08,> 1 & < =3,4.09,Single,25.1,Direct,Promoted,Yes,stay
495,Arnab,9876544345,Chennai,B1,Operation,Female,1.09,> 1 & < =3,5.03,Single,27.05,Direct,Non Promoted,Yes,stay
496,Arnab,9876544345,Bangalore,B1,Operation,Female,1.09,> 1 & < =3,6.11,Marr.,27.05,Employee Referral,Non Promoted,No,stay
497,Arnab,9876544345,Bangalore,B1,Operation,Female,1.09,> 1 & < =3,2.1,Single,25.02,Direct,Non Promoted,Yes,stay
498,Arnab,9876544345,Chennai,B1,Operation,Male,1.09,> 1 & < =3,6.04,Single,30.03,Direct,Non Promoted,Yes,stay
499,Arnab,9876544345,Noida,B2,Operation,Male,1.09,> 1 & < =3,8.02,Marr.,33.08,Direct,Promoted,Yes,stay
500,Arnab,9876544345,Bangalore,B2,Operation,Female,1.09,> 1 & < =3,6.02,Single,29.11,Direct,Promoted,No,stay
501,Arnab,9876544345,Bangalore,B1,Operation,Male,1.09,> 1 & < =3,5.09,Marr.,28.03,Agency,Promoted,No,leave
502,Arnab,9876544345,Chennai,B1,Support,Male,1.09,> 1 & < =3,3.04,Single,27.06,Direct,Promoted,No,leave
503,Arnab,9876544345,Chennai,B1,Operation,Male,1.09,> 1 & < =3,5.11,Single,29.08,Direct,Promoted,No,leave
504,Arnab,9876544345,Pune,B1,Operation,Male,1.09,> 1 & < =3,4.05,Marr.,33.07,Direct,Promoted,Yes,stay
505,Arnab,9876544345,Chennai,B1,Operation,Male,1.08,> 1 & < =3,7,Single,30.11,Direct,Promoted,Yes,stay
506,Arnab,9876544345,Noida,B1,Operation,Male,1.09,> 1 & < =3,7.11,Marr.,35.04,Direct,Promoted,Yes,stay
507,Arnab,9876544345,Bangalore,B2,Operation,Male,1.09,> 1 & < =3,11.09,Marr.,36.07,Agency,Non Promoted,Yes,stay
508,Arnab,9876544345,Chennai,B1,Operation,Male,1.09,> 1 & < =3,3.08,Single,26.06,Direct,Promoted,No,leave
509,Arnab,9876544345,Bangalore,B3,Operation,Male,1.1,> 1 & < =3,11.1,Marr.,43.1,Agency,Promoted,No,stay
510,Arnab,9876544345,Chennai,B1,Operation,Female,1.1,> 1 & < =3,1.1,Single,23.06,Direct,Promoted,No,leave
511,Arnab,9876544345,Noida,B1,Operation,Male,1.09,> 1 & < =3,3.02,Single,28.02,Direct,Promoted,Yes,stay
512,Arnab,9876544345,Bangalore,B1,Operation,Male,1.1,> 1 & < =3,1.1,Single,23.08,Direct,Non Promoted,Yes,stay
513,Arnab,9876544345,Chennai,B2,Operation,Male,1.1,> 1 & < =3,3.03,Single,26.07,Direct,Non Promoted,Yes,stay
514,Arnab,9876544345,Noida,B1,Operation,Male,1.1,> 1 & < =3,3,Single,24.12,Direct,Non Promoted,Yes,stay
515,Arnab,9876544345,Noida,B2,Operation,Male,1.09,> 1 & < =3,5.09,Single,27.07,Direct,Non Promoted,Yes,stay
516,Arnab,9876544345,Chennai,B1,Operation,Male,1.09,> 1 & < =3,5.01,Single,27.07,Direct,Promoted,Yes,leave
517,Arnab,9876544345,Hyderabad,B1,Operation,Male,1.09,> 1 & < =3,5.06,Marr.,29.03,Direct,Promoted,Yes,stay
518,Arnab,9876544345,Pune,B4,Operation,Male,1.09,> 1 & < =3,21.05,Marr.,46.05,Direct,Promoted,Yes,stay
519,Arnab,9876544345,Bangalore,B1,Operation,Male,1.09,> 1 & < =3,5.02,Single,26.08,Direct,Promoted,No,leave
520,Arnab,9876544345,Noida,B1,Operation,Male,1.1,> 1 & < =3,5.1,Single,27.12,Direct,Promoted,No,leave
521,Arnab,9876544345,Bangalore,B2,Operation,Male,1.1,> 1 & < =3,6,Single,26.06,Direct,Promoted,No,stay
522,Arnab,9876544345,Bangalore,B1,Operation,Female,2,> 1 & < =3,2,Marr.,29.02,Direct,Promoted,No,leave
523,Arnab,9876544345,Bangalore,B1,Operation,Female,1.1,> 1 & < =3,4,Marr.,36.09,Direct,Promoted,Yes,stay
524,Arnab,9876544345,Chennai,B2,Operation,Female,1.1,> 1 & < =3,4.11,Marr.,28.03,Direct,Promoted,No,leave
525,Arnab,9876544345,Chennai,B3,Operation,Male,1.1,> 1 & < =3,9.1,Single,32.07,Direct,Promoted,Yes,stay
526,Arnab,9876544345,Bangalore,B1,Operation,Female,1.11,> 1 & < =3,4.02,Marr.,26.08,Employee Referral,Promoted,No,stay
527,Arnab,9876544345,Gurgaon,B2,Operation,Female,1.1,> 1 & < =3,7.03,Marr.,31,Direct,Promoted,No,stay
528,Arnab,9876544345,Lucknow,B2,Operation,Male,1.1,> 1 & < =3,11.03,Marr.,44.04,Direct,Non Promoted,Yes,stay
529,Arnab,9876544345,Bangalore,B1,Operation,Male,2,> 1 & < =3,2,Single,24.04,Direct,Promoted,No,leave
530,Arnab,9876544345,Hyderabad,B1,Operation,Male,2.01,> 1 & < =3,2,Single,26.03,Direct,Promoted,No,leave
531,Arnab,9876544345,Bangalore,B1,Operation,Female,2,> 1 & < =3,2,Single,30.06,Direct,Promoted,No,stay
532,Arnab,9876544345,Hyderabad,B2,Operation,Female,1.11,> 1 & < =3,9.08,Marr.,31.05,Agency,Non Promoted,Yes,stay
533,Arnab,9876544345,Chennai,B1,Operation,Male,1.11,> 1 & < =3,5.07,Single,29.1,Direct,Promoted,Yes,stay
534,Arnab,9876544345,Hyderabad,B1,Operation,Male,1.11,> 1 & < =3,4.02,Single,28.03,Direct,Non Promoted,Yes,stay
535,Arnab,9876544345,Chennai,B1,Operation,Male,1.11,> 1 & < =3,5.06,Single,27.07,Direct,Promoted,No,leave
536,Arnab,9876544345,Noida,C3,Operation,Female,2.1,> 1 & < =3,9.04,Marr.,31.03,Direct,Non Promoted,Yes,stay
537,Arnab,9876544345,Noida,B2,Operation,Male,1.11,> 1 & < =3,8.03,Marr.,31.05,Employee Referral,Promoted,Yes,stay
538,Arnab,9876544345,Bangalore,B2,Operation,Male,1.1,> 1 & < =3,9,Marr.,30.11,Agency,Promoted,Yes,stay
539,Arnab,9876544345,Bangalore,B1,Operation,Male,1.11,> 1 & < =3,5.02,Single,26.06,Direct,Promoted,No,leave
540,Arnab,9876544345,Pune,B1,Operation,Male,1.1,> 1 & < =3,3.07,Single,30.06,Direct,Promoted,No,leave
541,Arnab,9876544345,Noida,B1,Operation,Female,2,> 1 & < =3,2,Single,27.03,Direct,Promoted,Yes,stay
542,Arnab,9876544345,Chennai,B1,Operation,Female,2,> 1 & < =3,2,Marr.,24.05,Direct,Promoted,Yes,stay
543,Arnab,9876544345,Bangalore,B1,Operation,Male,2.01,> 1 & < =3,2.01,Single,24.09,Direct,Promoted,Yes,stay
544,Arnab,9876544345,Noida,B1,Operation,Male,1.11,> 1 & < =3,1.11,Single,25.11,Direct,Non Promoted,Yes,stay
545,Arnab,9876544345,Pune,B1,Operation,Male,1.1,> 1 & < =3,4.02,Single,28.06,Employee Referral,Non Promoted,No,leave
546,Arnab,9876544345,Chennai,B1,Operation,Male,1.11,> 1 & < =3,5.08,Single,28.02,Direct,Promoted,No,leave
547,Arnab,9876544345,Pune,B1,Operation,Male,1.11,> 1 & < =3,3.05,Single,25.05,Employee Referral,Non Promoted,Yes,stay
548,Arnab,9876544345,Hyderabad,B2,Operation,Male,1.11,> 1 & < =3,12.02,Marr.,36.1,Direct,Non Promoted,Yes,stay
549,Arnab,9876544345,Noida,B1,Operation,Female,2,> 1 & < =3,3.04,Single,27.02,Direct,Promoted,Yes,stay
550,Arnab,9876544345,Bangalore,B2,Operation,Male,2,> 1 & < =3,8,Single,30.1,Direct,Non Promoted,Yes,stay
551,Arnab,9876544345,Noida,B1,Operation,Male,2,> 1 & < =3,2,Single,25.1,Direct,Promoted,No,leave
552,Arnab,9876544345,Noida,B1,Operation,Male,2.01,> 1 & < =3,2.01,Single,28.01,Direct,Non Promoted,Yes,stay
553,Arnab,9876544345,Bangalore,B1,Operation,Male,2.02,> 1 & < =3,2.02,Single,24.11,Direct,Non Promoted,Yes,stay
554,Arnab,9876544345,Hyderabad,B1,Operation,Male,2.02,> 1 & < =3,2.02,Single,24.07,Direct,Promoted,No,leave
555,Arnab,9876544345,Hyderabad,B1,Operation,Male,2.01,> 1 & < =3,2.01,Single,25.07,Direct,Non Promoted,Yes,stay
556,Arnab,9876544345,Noida,B1,Operation,Male,2,> 1 & < =3,6.08,Marr.,31,Direct,Promoted,No,stay
557,Arnab,9876544345,Noida,B2,Operation,Male,2,> 1 & < =3,8.03,Marr.,32.11,Direct,Non Promoted,Yes,stay
558,Arnab,9876544345,Bangalore,B2,Operation,Male,2,> 1 & < =3,9,Single,30.06,Direct,Promoted,No,stay
559,Papu,9876544345,Bangalore,B1,Operation,Male,2.02,> 1 & < =3,2.02,Single,25.03,Direct,Non Promoted,Yes,stay
560,Papu,9876544345,Noida,B1,Operation,Male,2.02,> 1 & < =3,2.02,Marr.,28.07,Direct,Promoted,No,stay
561,Papu,9876544345,Chennai,B1,Operation,Male,2.01,> 1 & < =3,2.01,Single,26.02,Direct,Non Promoted,No,leave
562,Papu,9876544345,Chennai,B1,Operation,Female,2.02,> 1 & < =3,2.02,Marr.,26.06,Direct,Promoted,No,stay
563,Papu,9876544345,Chennai,B1,Operation,Male,2.02,> 1 & < =3,2.02,Single,27.09,Direct,Non Promoted,Yes,stay
564,Papu,9876544345,Chennai,B2,Operation,Female,2,> 1 & < =3,9.05,Single,35.02,Employee Referral,Non Promoted,No,stay
565,Papu,9876544345,Chennai,B1,Operation,Male,2,> 1 & < =3,3.04,Single,25.11,Direct,Promoted,No,leave
566,Papu,9876544345,Chennai,B1,Operation,Male,2,> 1 & < =3,2,Single,27.05,Direct,Promoted,Yes,stay
567,Papu,9876544345,Chennai,B1,Operation,Male,2,> 1 & < =3,2,Single,23.07,Direct,Promoted,Yes,stay
568,Papu,9876544345,Chennai,B3,Operation,Male,2,> 1 & < =3,7,Marr.,32.1,Direct,Promoted,Yes,stay
569,Papu,9876544345,Madurai,B1,Operation,Male,2,> 1 & < =3,5.02,Single,26.07,Direct,Promoted,No,leave
570,Papu,9876544345,Madurai,B2,Operation,Male,2,> 1 & < =3,10,Marr.,31.12,Direct,Promoted,Yes,stay
571,Papu,9876544345,Bangalore,B1,Operation,Male,2,> 1 & < =3,6,Single,29.05,Direct,Non Promoted,Yes,stay
572,Papu,9876544345,Noida,B2,Operation,Female,2.01,> 1 & < =3,6.01,Single,29.1,Employee Referral,Promoted,Yes,stay
573,Papu,9876544345,Noida,B1,Operation,Male,2,> 1 & < =3,3,Single,28.06,Direct,Non Promoted,Yes,stay
574,Papu,9876544345,Bangalore,B2,Operation,Male,2.01,> 1 & < =3,7.03,Single,31.07,Agency,Promoted,Yes,stay
575,Papu,9876544345,Bangalore,B1,Operation,Male,2.01,> 1 & < =3,2.08,Single,25.07,Direct,Promoted,No,leave
576,Papu,9876544345,Hyderabad,B2,Support,Male,2,> 1 & < =3,4.07,Single,29.1,Direct,Promoted,No,leave
577,Papu,9876544345,Pune,B2,Operation,Male,2.01,> 1 & < =3,9.09,Single,32.1,Direct,Promoted,No,stay
578,Papu,9876544345,Bangalore,B2,Operation,Male,2.01,> 1 & < =3,24.01,Marr.,52.06,Direct,Non Promoted,Yes,stay
579,Papu,9876544345,Chennai,B1,Operation,Female,2.01,> 1 & < =3,7.01,Marr.,37.05,Direct,Non Promoted,Yes,stay
580,Papu,9876544345,Noida,B2,Sales,Female,2.01,> 1 & < =3,6.01,Marr.,28.07,Direct,Promoted,No,stay
581,Papu,9876544345,Chennai,B2,Operation,Male,2.01,> 1 & < =3,9.07,Single,32.07,Direct,Promoted,No,stay
582,Papu,9876544345,Bangalore,B1,Operation,Male,2.04,> 1 & < =3,2.04,Single,27.06,Direct,Non Promoted,Yes,stay
583,Papu,9876544345,Chennai,B1,Operation,Female,2.02,> 1 & < =3,2.02,Single,24.09,Direct,Promoted,Yes,stay
584,Papu,9876544345,Hyderabad,B1,Operation,Male,2.02,> 1 & < =3,2.02,Single,24.06,Direct,Promoted,Yes,stay
585,Papu,9876544345,Pune,B1,Operation,Male,2.04,> 1 & < =3,2.04,Single,25.09,Direct,Promoted,Yes,stay
586,Papu,9876544345,Noida,B1,Operation,Male,2.03,> 1 & < =3,2.03,Marr.,25.02,Direct,Promoted,Yes,stay
587,Papu,9876544345,Noida,B1,Operation,Female,2.02,> 1 & < =3,2.02,Single,26.04,Direct,Non Promoted,Yes,stay
588,Papu,9876544345,Pune,B1,Operation,Male,2.04,> 1 & < =3,2.04,Single,27.02,Direct,Non Promoted,Yes,stay
589,Papu,9876544345,Noida,B1,Operation,Female,2.01,> 1 & < =3,3.05,Single,26.1,Agency,Non Promoted,No,leave
590,Papu,9876544345,Lucknow,B2,Operation,Male,2.01,> 1 & < =3,8.1,Marr.,39.04,Direct,Promoted,Yes,stay
591,Papu,9876544345,Noida,B1,Operation,Male,2.02,> 1 & < =3,2.02,Single,24.12,Direct,Non Promoted,Yes,stay
592,Papu,9876544345,Chennai,B3,Operation,Male,2.01,> 1 & < =3,10.01,Marr.,33.08,Direct,Promoted,Yes,stay
593,Papu,9876544345,Chennai,B1,Operation,Male,2.01,> 1 & < =3,2.08,Single,24.05,Direct,Non Promoted,Yes,stay
594,Papu,9876544345,Lucknow,B1,Operation,Male,2.01,> 1 & < =3,6.03,Single,28.01,Employee Referral,Promoted,Yes,stay
595,Papu,9876544345,Bangalore,B1,Operation,Male,2.01,> 1 & < =3,2.01,Single,27.05,Direct,Promoted,No,leave
596,Papu,9876544345,Noida,B1,Operation,Female,2.02,> 1 & < =3,2.02,Single,25.04,Direct,Promoted,No,stay
597,Papu,9876544345,Chennai,B1,Operation,Male,2.01,> 1 & < =3,6.07,Single,30.11,Direct,Promoted,No,stay
598,Papu,9876544345,Bangalore,B1,Operation,Male,2.01,> 1 & < =3,5.01,Single,29.09,Direct,Promoted,Yes,stay
599,Papu,9876544345,Chennai,B1,Operation,Male,2.02,> 1 & < =3,2.02,Single,27.01,Direct,Promoted,Yes,stay
600,Papu,9876544345,Noida,B1,Operation,Female,2.02,> 1 & < =3,2.02,Marr.,26.11,Direct,Promoted,Yes,stay
601,Papu,9876544345,Chennai,B1,Operation,Male,2.03,> 1 & < =3,2.03,Marr.,29.07,Direct,Promoted,Yes,stay
602,Papu,9876544345,Chennai,B1,Operation,Female,2.02,> 1 & < =3,2.02,Single,26.04,Direct,Promoted,No,leave
603,Papu,9876544345,Bangalore,B2,Operation,Female,2.01,> 1 & < =3,10.01,Marr.,34.05,Direct,Promoted,No,stay
604,Papu,9876544345,Noida,B2,Operation,Male,2.01,> 1 & < =3,9.01,Marr.,37.02,Employee Referral,Promoted,Yes,stay
605,Papu,9876544345,Chennai,B1,Operation,Male,2.02,> 1 & < =3,5.1,Single,31.02,Employee Referral,Promoted,No,leave
606,Papu,9876544345,Noida,B2,Support,Female,2.02,> 1 & < =3,2.02,Single,27,Direct,Promoted,No,stay
607,Papu,9876544345,Noida,B2,Operation,Male,2.01,> 1 & < =3,8.01,Marr.,28.06,Employee Referral,Non Promoted,Yes,stay
608,Papu,9876544345,Chennai,B1,Operation,Male,2.03,> 1 & < =3,2.03,Single,24.06,Direct,Promoted,No,leave
609,Papu,9876544345,Chennai,B1,Operation,Male,2.03,> 1 & < =3,2.03,Marr.,26.03,Direct,Non Promoted,No,leave
610,Papu,9876544345,Chennai,B1,Operation,Male,2.03,> 1 & < =3,2.03,Single,24.04,Direct,Promoted,Yes,stay
611,Papu,9876544345,Chennai,B1,Operation,Male,2.03,> 1 & < =3,2.03,Single,24.12,Direct,Promoted,Yes,stay
612,Papu,9876544345,Bangalore,B1,Operation,Female,2.03,> 1 & < =3,2.03,Single,25.03,Direct,Promoted,No,leave
613,Papu,9876544345,Bangalore,B1,Operation,Male,2.03,> 1 & < =3,2.03,Marr.,29.09,Direct,Non Promoted,Yes,stay
614,Papu,9876544345,Pune,B1,Operation,Female,2.02,> 1 & < =3,2.02,Single,23.11,Direct,Promoted,Yes,stay
615,Papu,9876544345,Chennai,B2,Operation,Male,2.02,> 1 & < =3,7.04,Single,30.01,Employee Referral,Promoted,No,stay
616,Papu,9876544345,Chennai,B1,Operation,Male,2.02,> 1 & < =3,6.07,Marr.,30.12,Employee Referral,Non Promoted,Yes,stay
617,Papu,9876544345,Noida,B1,Operation,Male,2.02,> 1 & < =3,2.02,Single,27.1,Direct,Promoted,No,leave
618,Papu,9876544345,Noida,B0,Operation,Female,2.02,> 1 & < =3,2.02,Marr.,25.1,Direct,Promoted,No,leave
619,Papu,9876544345,Chennai,B1,Operation,Female,2.02,> 1 & < =3,2.02,Single,24.01,Direct,Non Promoted,Yes,stay
620,Papu,9876544345,Chennai,B0,Operation,Female,2.02,> 1 & < =3,2.02,Marr.,27.09,Direct,Non Promoted,Yes,stay
621,Papu,9876544345,Chennai,B1,Operation,Male,2.02,> 1 & < =3,4.1,Marr.,27.07,Direct,Promoted,No,leave
622,Papu,9876544345,Noida,B2,Support,Male,2.02,> 1 & < =3,12.02,Marr.,36,Direct,Promoted,No,stay
623,Papu,9876544345,Pune,B1,Operation,Male,2.02,> 1 & < =3,4.11,Single,28.09,Direct,Promoted,No,leave
624,Papu,9876544345,Noida,B1,Operation,Male,2.02,> 1 & < =3,4.03,Marr.,26.07,Employee Referral,Non Promoted,Yes,stay
625,Papu,9876544345,Chennai,B1,Operation,Female,2.02,> 1 & < =3,4.09,Single,27.06,Direct,Promoted,Yes,stay
626,Papu,9876544345,Noida,B1,Operation,Male,2.02,> 1 & < =3,3.06,Single,25.02,Direct,Non Promoted,No,leave
627,Papu,9876544345,Bangalore,B3,Operation,Male,2.02,> 1 & < =3,8.02,Marr.,37.05,Direct,Non Promoted,Yes,stay
628,Papu,9876544345,Chennai,B1,Operation,Male,2.03,> 1 & < =3,2.03,Single,25.1,Direct,Non Promoted,Yes,stay
629,Papu,9876544345,Bangalore,B1,Operation,Male,2.03,> 1 & < =3,2.04,Single,26.04,Direct,Non Promoted,No,leave
630,Papu,9876544345,Hyderabad,B1,Operation,Male,2.04,> 1 & < =3,2.04,Single,27.1,Direct,Non Promoted,No,leave
631,Papu,9876544345,Noida,B1,Operation,Female,2.04,> 1 & < =3,2.04,Marr.,27.01,Direct,Promoted,No,leave
632,Papu,9876544345,Noida,B1,Operation,Male,2.05,> 1 & < =3,2.05,Single,28.01,Direct,Non Promoted,Yes,stay
633,Papu,9876544345,Chennai,B1,Operation,Male,2.03,> 1 & < =3,2.03,Single,24.09,Direct,Promoted,No,leave
634,Papu,9876544345,Chennai,B1,Operation,Male,2.03,> 1 & < =3,2.03,Single,26,Direct,Promoted,Yes,stay
635,Papu,9876544345,Pune,B3,Operation,Male,2.02,> 1 & < =3,11.02,Marr.,40.08,Direct,Non Promoted,Yes,stay
636,Papu,9876544345,Noida,B1,Support,Male,2.03,> 1 & < =3,6.05,Marr.,30.03,Direct,Non Promoted,Yes,stay
637,Papu,9876544345,Noida,B1,Operation,Female,2.02,> 1 & < =3,6.05,Marr.,30.03,Direct,Non Promoted,No,leave
638,Papu,9876544345,Lucknow,B2,Operation,Male,2.03,> 1 & < =3,6.11,Marr.,29.06,Employee Referral,Non Promoted,Yes,stay
639,Papu,9876544345,Bangalore,B1,Operation,Female,2.02,> 1 & < =3,4.02,Single,25.06,Direct,Non Promoted,Yes,stay
640,Papu,9876544345,Chennai,B2,Operation,Male,2.02,> 1 & < =3,6.04,Marr.,29.04,Direct,Non Promoted,No,leave
641,Papu,9876544345,Noida,B3,Operation,Male,2.03,> 1 & < =3,11.03,Sep.,39.01,Employee Referral,Non Promoted,Yes,stay
642,Papu,9876544345,Noida,B2,Operation,Male,2.02,> 1 & < =3,5.1,Single,34.07,Direct,Non Promoted,Yes,leave
643,Papu,9876544345,Chennai,B1,Operation,Male,2.03,> 1 & < =3,6.05,Marr.,27.06,Direct,Non Promoted,No,stay
644,Papu,9876544345,Chennai,B1,Operation,Male,2.02,> 1 & < =3,5.09,Marr.,30.09,Direct,Promoted,Yes,stay
645,Papu,9876544345,Chennai,B2,Operation,Female,2.03,> 1 & < =3,7.03,Marr.,29.07,Direct,Non Promoted,Yes,stay
646,Papu,9876544345,Chennai,B1,Operation,Female,2.03,> 1 & < =3,4.07,Single,27.04,Direct,Non Promoted,Yes,stay
647,Papu,9876544345,Chennai,B1,Operation,Male,2.03,> 1 & < =3,2.03,Single,24.07,Direct,Non Promoted,No,leave
648,Papu,9876544345,Bangalore,B1,Operation,Male,2.03,> 1 & < =3,5.03,Single,28.1,Employee Referral,Promoted,No,leave
649,Papu,9876544345,Chennai,B2,Operation,Male,2.03,> 1 & < =3,7.05,Marr.,31.03,Direct,Promoted,Yes,stay
650,Papu,9876544345,Bangalore,B1,Operation,Female,2.03,> 1 & < =3,5.1,Marr.,29.07,Employee Referral,Non Promoted,Yes,stay
651,Papu,9876544345,Bangalore,B2,Operation,Male,2.03,> 1 & < =3,8,Single,31.1,Direct,Promoted,Yes,stay
652,Papu,9876544345,Madurai,B1,Operation,Female,2.04,> 1 & < =3,3.11,Single,28.1,Direct,Non Promoted,Yes,stay
653,Papu,9876544345,Hyderabad,B2,Operation,Female,2.03,> 1 & < =3,9,Marr.,35.02,Direct,Non Promoted,Yes,stay
654,Papu,9876544345,Chennai,B1,Operation,Male,2.04,> 1 & < =3,2.04,Single,24.1,Direct,Non Promoted,Yes,stay
655,Papu,9876544345,Chennai,B1,Operation,Female,2.04,> 1 & < =3,2.04,Single,24.06,Direct,Non Promoted,Yes,stay
656,Papu,9876544345,Hyderabad,B1,Operation,Male,2.06,> 1 & < =3,2.06,Single,27.06,Direct,Promoted,Yes,stay
657,Papu,9876544345,Chennai,B1,Operation,Male,2.05,> 1 & < =3,2.05,Single,24.03,Direct,Non Promoted,No,leave
658,Papu,9876544345,Chennai,B1,Operation,Male,2.06,> 1 & < =3,2.06,Single,25.08,Direct,Promoted,Yes,stay
659,Papu,9876544345,Chennai,B1,Operation,Male,2.05,> 1 & < =3,2.05,Single,25.05,Direct,Promoted,Yes,stay
660,Papu,9876544345,Chennai,B3,Operation,Male,2.03,> 1 & < =3,11.03,Single,31.07,Direct,Non Promoted,No,leave
661,Papu,9876544345,Madurai,B1,Operation,Male,2.04,> 1 & < =3,5.08,Single,29.1,Direct,Promoted,No,leave
662,Papu,9876544345,Mumbai,B1,Operation,Male,2.03,> 1 & < =3,6.11,Marr.,31.02,Employee Referral,Non Promoted,Yes,stay
663,Papu,9876544345,Chennai,B1,Operation,Female,2.04,> 1 & < =3,4.05,Single,25.08,Direct,Non Promoted,No,leave
664,Papu,9876544345,Mumbai,B1,Operation,Male,2.04,> 1 & < =3,4.09,Single,28.04,Direct,Non Promoted,Yes,stay
665,Papu,9876544345,Chennai,B1,Operation,Male,2.04,> 1 & < =3,6.04,Single,31.08,Direct,Non Promoted,Yes,stay
666,Papu,9876544345,Chennai,B2,Operation,Female,2.04,> 1 & < =3,8.04,Marr.,34.11,Direct,Non Promoted,Yes,stay
667,Papu,9876544345,Noida,B1,Operation,Male,2.04,> 1 & < =3,2.11,Single,26.08,Direct,Non Promoted,No,leave
668,Papu,9876544345,Hyderabad,B2,Operation,Male,2.04,> 1 & < =3,8.11,Marr.,30.07,Direct,Promoted,No,stay
669,Papu,9876544345,Pune,B1,Operation,Male,2.04,> 1 & < =3,5.06,Single,25.05,Employee Referral,Non Promoted,Yes,stay
670,Papu,9876544345,Noida,B2,Support,Male,2.04,> 1 & < =3,2.04,Single,27.01,Direct,Non Promoted,Yes,stay
671,Papu,9876544345,Noida,B2,Operation,Male,2.04,> 1 & < =3,4.05,Single,26.07,Direct,Promoted,No,leave
672,Papu,9876544345,Chennai,B2,Operation,Female,2.05,> 1 & < =3,7.05,Marr.,33.03,Direct,Promoted,Yes,stay
673,Papu,9876544345,Noida,B1,Operation,Female,2.04,> 1 & < =3,2.04,Single,24.01,Direct,Promoted,Yes,stay
674,Papu,9876544345,Chennai,B1,Operation,Female,2.04,> 1 & < =3,2.04,Single,24.02,Direct,Promoted,Yes,stay
675,Papu,9876544345,Chennai,B1,Operation,Female,2.04,> 1 & < =3,2.04,Single,24.02,Direct,Promoted,No,leave
676,Papu,9876544345,Noida,B1,Operation,Male,2.05,> 1 & < =3,2.05,Single,26.06,Direct,Promoted,No,leave
677,Papu,9876544345,Bangalore,B1,Operation,Male,2.05,> 1 & < =3,4.1,Single,29.07,Direct,Promoted,No,leave
678,Papu,9876544345,Bangalore,B2,Operation,Male,2.05,> 1 & < =3,8.08,Marr.,34.06,Direct,Promoted,No,stay
679,Papu,9876544345,Noida,B1,Operation,Male,2.07,> 1 & < =3,2.07,Single,27.07,Direct,Non Promoted,Yes,stay
680,Papu,9876544345,Chennai,B1,Operation,Male,2.07,> 1 & < =3,2.07,Single,24.06,Direct,Promoted,No,leave
681,Papu,9876544345,Noida,B1,Operation,Male,2.06,> 1 & < =3,2.06,Single,25.03,Direct,Non Promoted,Yes,stay
682,Papu,9876544345,Noida,B1,Operation,Male,2.06,> 1 & < =3,2.06,Single,25.06,Direct,Non Promoted,Yes,stay
683,Papu,9876544345,Chennai,B1,Operation,Male,2.05,> 1 & < =3,6.07,Marr.,29.06,Direct,Non Promoted,Yes,stay
684,Papu,9876544345,Noida,B1,Operation,Female,2.04,> 1 & < =3,2.04,Single,24.01,Direct,Promoted,Yes,stay
685,Papu,9876544345,Bangalore,B3,Operation,Male,2.05,> 1 & < =3,8.08,Marr.,37.06,Employee Referral,Non Promoted,Yes,stay
686,Papu,9876544345,Noida,B2,Operation,Male,2.05,> 1 & < =3,7.1,Marr.,29.1,Agency,Non Promoted,No,leave
687,Papu,9876544345,Bangalore,B2,Operation,Male,2.05,> 1 & < =3,5.05,Single,32.1,Agency,Promoted,No,stay
688,Papu,9876544345,Bangalore,B1,Operation,Male,2.04,> 1 & < =3,2.05,Single,25.1,Direct,Non Promoted,Yes,stay
689,Papu,9876544345,Bangalore,B1,Operation,Female,2.05,> 1 & < =3,4.09,Single,26.06,Direct,Non Promoted,No,leave
690,Papu,9876544345,Noida,B1,Operation,Female,2.05,> 1 & < =3,2.05,Single,25.01,Direct,Non Promoted,No,leave
691,Papu,9876544345,Madurai,B2,Operation,Male,2.05,> 1 & < =3,9.05,Marr.,31.07,Direct,Non Promoted,Yes,stay
692,Papu,9876544345,Noida,B2,Operation,Female,2.05,> 1 & < =3,4.1,Marr.,30.06,Direct,Non Promoted,Yes,stay
693,Papu,9876544345,Madurai,B1,Operation,Male,2.05,> 1 & < =3,6.01,Single,29.02,Direct,Non Promoted,Yes,stay
694,Papu,9876544345,Chennai,B1,Operation,Male,2.05,> 1 & < =3,6.05,Single,29.09,Employee Referral,Non Promoted,No,leave
695,Papu,9876544345,Chennai,B1,Operation,Male,2.05,> 1 & < =3,5.06,Single,29,Direct,Non Promoted,Yes,leave
696,Papu,9876544345,Chennai,B2,Operation,Male,2.06,> 1 & < =3,5.06,Marr.,32.04,Employee Referral,Non Promoted,No,leave
697,Papu,9876544345,Bangalore,B1,Operation,Male,2.05,> 1 & < =3,2.05,Marr.,30.06,Direct,Non Promoted,Yes,stay
698,Papu,9876544345,Chennai,B1,Operation,Male,2.07,> 1 & < =3,2.07,Single,25.03,Direct,Non Promoted,Yes,stay
699,Papu,9876544345,Chennai,B1,Operation,Male,2.07,> 1 & < =3,2.07,Single,26.03,Direct,Non Promoted,Yes,stay
700,Papu,9876544345,Noida,B1,Operation,Male,2.07,> 1 & < =3,2.07,Single,25.1,Direct,Non Promoted,Yes,stay
701,Papu,9876544345,Noida,B1,Operation,Male,2.07,> 1 & < =3,2.07,Single,25.1,Direct,Promoted,Yes,stay
702,Papu,9876544345,Noida,B1,Operation,Male,2.08,> 1 & < =3,2.08,Single,25.01,Direct,Promoted,No,leave
703,Papu,9876544345,Chennai,B1,Operation,Male,2.06,> 1 & < =3,2.07,Single,25.02,Direct,Promoted,No,leave
704,Papu,9876544345,Chennai,B1,Operation,Male,2.09,> 1 & < =3,2.09,Single,24.09,Direct,Promoted,Yes,stay
705,Papu,9876544345,Chennai,B1,Operation,Male,2.07,> 1 & < =3,2.07,Single,24.08,Direct,Non Promoted,No,leave
706,Papu,9876544345,Chennai,B1,Operation,Male,2.06,> 1 & < =3,3,Single,27.06,Direct,Non Promoted,Yes,stay
707,Papu,9876544345,Noida,B1,Operation,Male,2.06,> 1 & < =3,2.06,Single,25.03,Direct,Non Promoted,Yes,stay
708,Papu,9876544345,Noida,B2,Operation,Male,2.05,> 1 & < =3,9.05,Marr.,36.11,Direct,Non Promoted,Yes,stay
709,Papu,9876544345,Chennai,B1,Operation,Male,2.05,> 1 & < =3,4.1,Single,26.08,Agency,Non Promoted,Yes,stay
710,Papu,9876544345,Noida,B5,Sales,Male,2.06,> 1 & < =3,23.06,Marr.,47,Direct,Promoted,Yes,stay
711,Papu,9876544345,Bangalore,B3,Operation,Male,2.06,> 1 & < =3,12.02,Marr.,33.11,Direct,Non Promoted,Yes,leave
712,Papu,9876544345,Chennai,B1,Operation,Male,2.06,> 1 & < =3,2.06,Single,26.04,Direct,Non Promoted,No,leave
713,Papu,9876544345,Noida,B3,Sales,Male,2.06,> 1 & < =3,4.06,Single,32,Direct,Non Promoted,No,leave
714,Papu,9876544345,Chennai,B1,Operation,Male,2.06,> 1 & < =3,3.02,Single,27.09,Direct,Non Promoted,No,leave
715,Papu,9876544345,Chennai,B2,Operation,Male,2.06,> 1 & < =3,7.01,Marr.,31.04,Direct,Non Promoted,Yes,stay
716,Papu,9876544345,Bangalore,B2,Operation,Female,2.05,> 1 & < =3,6.05,Marr.,32.08,Direct,Non Promoted,Yes,stay
717,Papu,9876544345,Chennai,B2,Operation,Male,2.06,> 1 & < =3,8.11,Marr.,31.07,Agency,Non Promoted,No,leave
718,Papu,9876544345,Chennai,B1,Operation,Male,2.06,> 1 & < =3,4.02,Single,25.1,Direct,Non Promoted,Yes,stay
719,Papu,9876544345,Bangalore,B1,Operation,Male,2.05,> 1 & < =3,4.1,Single,26.07,Direct,Non Promoted,No,leave
720,Papu,9876544345,Noida,B3,Operation,Male,2.06,> 1 & < =3,12.06,Single,33.05,Employee Referral,Non Promoted,Yes,stay
721,Papu,9876544345,Lucknow,B2,Operation,Male,2.06,> 1 & < =3,7,Single,35.08,Direct,Non Promoted,Yes,stay
722,Papu,9876544345,Noida,B1,Operation,Male,2.06,> 1 & < =3,7.11,Marr.,29.03,Employee Referral,Promoted,Yes,stay
723,Papu,9876544345,Chennai,B1,Support,Female,2.06,> 1 & < =3,6.08,Marr.,27.07,Direct,Promoted,No,stay
724,Papu,9876544345,Bangalore,B1,Operation,Female,2.08,> 1 & < =3,2.08,Single,26.04,Direct,Promoted,No,leave
725,Papu,9876544345,Noida,B1,Operation,Male,2.07,> 1 & < =3,2.07,Single,26.08,Direct,Promoted,No,leave
726,Papu,9876544345,Noida,B1,Operation,Male,2.07,> 1 & < =3,2.07,Single,27.03,Direct,Promoted,No,leave
727,Papu,9876544345,Bangalore,B1,Operation,Male,2.07,> 1 & < =3,2.09,Single,26.1,Direct,Promoted,No,leave
728,Papu,9876544345,Bangalore,B1,Operation,Male,2.07,> 1 & < =3,2.07,Single,25.09,Direct,Promoted,Yes,stay
729,Papu,9876544345,Bangalore,B2,Operation,Male,2.06,> 1 & < =3,9.01,Marr.,33.04,Agency,Promoted,No,stay
730,Papu,9876544345,Chennai,B1,Operation,Male,2.07,> 1 & < =3,2.09,Marr.,26.09,Direct,Promoted,No,leave
731,Papu,9876544345,Bangalore,B1,Operation,Male,2.07,> 1 & < =3,2.08,Single,24.1,Direct,Promoted,Yes,stay
732,Papu,9876544345,Chennai,B1,Operation,Male,2.08,> 1 & < =3,2.08,Marr.,30.08,Direct,Promoted,Yes,stay
733,Papu,9876544345,Bangalore,B1,Operation,Female,2.07,> 1 & < =3,3.02,Single,25.05,Direct,Promoted,No,leave
734,Papu,9876544345,Hyderabad,B2,Operation,Male,2.07,> 1 & < =3,11.07,Marr.,39.07,Employee Referral,Non Promoted,Yes,stay
735,Papu,9876544345,Bangalore,B2,Operation,Male,2.06,> 1 & < =3,8.08,Marr.,31.07,Agency,Non Promoted,No,leave
736,Papu,9876544345,Bangalore,B2,Operation,Female,2.06,> 1 & < =3,3.06,Single,27.01,Direct,Promoted,No,leave
737,Papu,9876544345,Madurai,B2,Operation,Male,2.06,> 1 & < =3,7.06,Marr.,34.12,Direct,Non Promoted,Yes,stay
738,Papu,9876544345,Chennai,B2,Operation,Male,2.07,> 1 & < =3,8.08,Marr.,33.09,Direct,Promoted,No,leave
739,Papu,9876544345,Pune,B2,Operation,Male,2.07,> 1 & < =3,11.07,Marr.,35.04,Agency,Promoted,No,leave
740,Papu,9876544345,Noida,B1,Support,Female,2.07,> 1 & < =3,5.09,Single,28.03,Direct,Promoted,Yes,stay
741,Papu,9876544345,Noida,B2,Sales,Male,2.07,> 1 & < =3,9.07,Marr.,35.06,Direct,Promoted,Yes,stay
742,Papu,9876544345,Madurai,B1,Operation,Female,2.07,> 1 & < =3,2.07,Marr.,28.06,Direct,Promoted,Yes,stay
743,Papu,9876544345,Chennai,B1,Operation,Male,2.07,> 1 & < =3,5.09,Single,29.06,Direct,Promoted,Yes,stay
744,Papu,9876544345,Chennai,B1,Operation,Male,2.08,> 1 & < =3,5.04,Single,30.06,Agency,Promoted,Yes,stay
745,Papu,9876544345,Bangalore,B2,Operation,Male,2.07,> 1 & < =3,13.11,Marr.,38.12,Employee Referral,Promoted,Yes,stay
746,Papu,9876544345,Bangalore,B1,Operation,Male,2.08,> 1 & < =3,8.08,Single,32.02,Employee Referral,Promoted,No,stay
747,Papu,9876544345,Bangalore,B2,Operation,Male,2.07,> 1 & < =3,6.11,Marr.,29.07,Direct,Non Promoted,Yes,stay
748,Papu,9876544345,Bangalore,B2,Operation,Male,2.07,> 1 & < =3,11.01,Marr.,36.07,Direct,Non Promoted,No,leave
749,Papu,9876544345,Chennai,B1,Operation,Female,2.07,> 1 & < =3,6.1,Single,30.05,Direct,Promoted,No,leave
750,Papu,9876544345,Chennai,B2,Operation,Female,2.07,> 1 & < =3,12.08,Marr.,35,Employee Referral,Promoted,No,leave
751,Papu,9876544345,Chennai,B1,Operation,Male,2.07,> 1 & < =3,7.11,Marr.,31.07,Agency,Promoted,No,leave
752,Papu,9876544345,Noida,B1,Operation,Female,2.08,> 1 & < =3,2.08,Single,25.11,Direct,Non Promoted,Yes,stay
753,Papu,9876544345,Bangalore,B1,Operation,Male,2.08,> 1 & < =3,2.08,Single,26.06,Direct,Promoted,Yes,stay
754,Papu,9876544345,Chennai,B1,Operation,Male,2.08,> 1 & < =3,2.08,Single,24.1,Direct,Non Promoted,Yes,stay
755,Papu,9876544345,Chennai,B1,Operation,Male,2.09,> 1 & < =3,2.09,Single,26.07,Direct,Non Promoted,Yes,stay
756,Papu,9876544345,Chennai,B1,Operation,Male,2.08,> 1 & < =3,2.09,Single,24.09,Direct,Non Promoted,Yes,stay
757,Papu,9876544345,Noida,B1,Operation,Male,2.08,> 1 & < =3,2.08,Single,25.07,Direct,Non Promoted,Yes,stay
758,Papu,9876544345,Noida,B1,Operation,Male,2.09,> 1 & < =3,2.11,Single,26.1,Direct,Non Promoted,Yes,stay
759,Papu,9876544345,Noida,B1,Operation,Male,2.08,> 1 & < =3,2.08,Single,28.09,Direct,Non Promoted,No,leave
760,Shiv,9876544345,Noida,B2,Sales,Female,2.08,> 1 & < =3,5.1,Single,28.04,Employee Referral,Non Promoted,No,leave
761,Shiv,9876544345,Chennai,B1,Operation,Male,2.08,> 1 & < =3,8.02,Marr.,35.04,Direct,Non Promoted,Yes,stay
762,Shiv,9876544345,Noida,B1,Operation,Male,2.08,> 1 & < =3,6.04,Single,29.05,Direct,Non Promoted,Yes,stay
763,Shiv,9876544345,Chennai,B1,Operation,Male,2.07,> 1 & < =3,5.03,Single,28.07,Agency,Non Promoted,Yes,leave
764,Shiv,9876544345,Noida,B1,Support,Male,2.08,> 1 & < =3,4.1,Single,27.09,Employee Referral,Non Promoted,Yes,stay
765,Shiv,9876544345,Noida,B1,Support,Male,2.08,> 1 & < =3,2.08,Single,27.07,Direct,Non Promoted,Yes,stay
766,Shiv,9876544345,Bangalore,B1,Operation,Male,2.08,> 1 & < =3,4.04,Marr.,31.07,Direct,Non Promoted,No,leave
767,Shiv,9876544345,Bangalore,B2,Operation,Male,2.08,> 1 & < =3,8,Marr.,31.09,Agency,Non Promoted,Yes,stay
768,Shiv,9876544345,Chennai,B1,Operation,Male,2.08,> 1 & < =3,6.09,Marr.,28.1,Direct,Non Promoted,Yes,stay
769,Shiv,9876544345,Bangalore,B2,Operation,Male,2.08,> 1 & < =3,4.08,Single,31.01,Employee Referral,Non Promoted,Yes,stay
770,Shiv,9876544345,Pune,B1,Operation,Male,2.09,> 1 & < =3,5.09,Single,28.1,Direct,Non Promoted,No,leave
771,Shiv,9876544345,Bangalore,B1,Operation,Female,2.08,> 1 & < =3,2.08,Marr.,27.09,Direct,Non Promoted,No,leave
772,Shiv,9876544345,Noida,B1,Operation,Male,2.08,> 1 & < =3,6.08,Marr.,30.06,Agency,Promoted,No,stay
773,Shiv,9876544345,Chennai,B1,Operation,Female,2.1,> 1 & < =3,2.1,Single,24.08,Direct,Non Promoted,No,leave
774,Shiv,9876544345,Chennai,B1,Operation,Male,2.09,> 1 & < =3,2.11,Single,24.06,Direct,Non Promoted,Yes,stay
775,Shiv,9876544345,Bangalore,B1,Operation,Male,2.08,> 1 & < =3,2.1,Marr.,24.11,Direct,Non Promoted,No,leave
776,Shiv,9876544345,Chennai,B1,Operation,Male,2.09,> 1 & < =3,2.09,Single,25.1,Direct,Non Promoted,Yes,stay
777,Shiv,9876544345,Noida,B1,Operation,Male,2.09,> 1 & < =3,2.09,Single,25.07,Direct,Promoted,No,leave
778,Shiv,9876544345,Noida,B3,Operation,Male,2.09,> 1 & < =3,12.09,Marr.,34.05,Agency,Non Promoted,Yes,stay
779,Shiv,9876544345,Noida,B2,Operation,Male,2.08,> 1 & < =3,11.03,Marr.,36.01,Direct,Promoted,Yes,stay
780,Shiv,9876544345,Noida,B1,Operation,Male,2.09,> 1 & < =3,6.03,Single,28.04,Direct,Non Promoted,Yes,stay
781,Shiv,9876544345,Noida,B3,Operation,Male,2.08,> 1 & < =3,10.08,Marr.,38.08,Direct,Non Promoted,Yes,leave
782,Shiv,9876544345,Bangalore,B1,Operation,Male,2.1,> 1 & < =3,3,Single,25.05,Direct,Non Promoted,Yes,stay
783,Shiv,9876544345,Bangalore,B2,Operation,Male,2.09,> 1 & < =3,8.09,Marr.,33.07,Direct,Non Promoted,No,leave
784,Shiv,9876544345,Noida,B1,Operation,Male,2.09,> 1 & < =3,3.11,Single,26.06,Employee Referral,Promoted,No,leave
785,Shiv,9876544345,Chennai,B1,Operation,Male,2.09,> 1 & < =3,7,Marr.,33.08,Agency,Non Promoted,No,leave
786,Shiv,9876544345,Noida,B1,Operation,Female,2.08,> 1 & < =3,3.01,Single,26.02,Direct,Promoted,Yes,stay
787,Shiv,9876544345,Lucknow,B1,Support,Male,2.08,> 1 & < =3,5,Single,27.1,Direct,Promoted,No,leave
788,Shiv,9876544345,Pune,B1,Operation,Female,2.09,> 1 & < =3,5.09,Marr.,29.02,Direct,Non Promoted,Yes,stay
789,Shiv,9876544345,Chennai,B2,Operation,Female,2.09,> 1 & < =3,4.01,Marr.,30.06,Employee Referral,Promoted,Yes,stay
790,Shiv,9876544345,Chennai,B1,Operation,Male,2.09,> 1 & < =3,3.05,Single,27.07,Direct,Non Promoted,Yes,stay
791,Shiv,9876544345,Chennai,B3,Operation,Male,2.09,> 1 & < =3,12.1,Marr.,40.07,Direct,Non Promoted,No,leave
792,Shiv,9876544345,Chennai,B2,Operation,Male,2.09,> 1 & < =3,6.02,Marr.,31.06,Agency,Non Promoted,Yes,stay
793,Shiv,9876544345,Bangalore,B1,Operation,Male,2.09,> 1 & < =3,5.09,Marr.,31.1,Employee Referral,Non Promoted,Yes,stay
794,Shiv,9876544345,Lucknow,B0,Support,Female,2.09,> 1 & < =3,2.1,Single,24.1,Direct,Non Promoted,Yes,stay
795,Shiv,9876544345,Noida,B2,Operation,Male,2.09,> 1 & < =3,4.09,Single,31,Employee Referral,Non Promoted,Yes,stay
796,Shiv,9876544345,Noida,B2,Operation,Male,2.08,> 1 & < =3,10.02,Single,36.01,Direct,Promoted,No,stay
797,Shiv,9876544345,Noida,B1,Support,Male,2.09,> 1 & < =3,3.01,Single,29.06,Employee Referral,Promoted,No,stay
798,Shiv,9876544345,Noida,B3,Operation,Male,2.09,> 1 & < =3,8.09,Single,34.03,Direct,Non Promoted,Yes,stay
799,Shiv,9876544345,Chennai,B1,Operation,Male,2.1,> 1 & < =3,3,Single,27.05,Direct,Promoted,No,leave
800,Shiv,9876544345,Chennai,B1,Operation,Male,2.09,> 1 & < =3,3.05,Single,31.07,Direct,Promoted,No,leave
801,Shiv,9876544345,Pune,B1,Operation,Male,2.1,> 1 & < =3,3.1,Single,26.03,Direct,Promoted,Yes,stay
802,Shiv,9876544345,Chennai,B1,Operation,Male,2.1,> 1 & < =3,3,Single,24.11,Direct,Promoted,Yes,stay
803,Shiv,9876544345,Chennai,B1,Operation,Male,2.1,> 1 & < =3,2.11,Marr.,28.11,Direct,Promoted,Yes,stay
804,Shiv,9876544345,Bangalore,B1,Operation,Male,2.1,> 1 & < =3,3,Single,26.09,Direct,Promoted,Yes,stay
805,Shiv,9876544345,Hyderabad,B1,Operation,Male,2.1,> 1 & < =3,3.04,Marr.,28.04,Direct,Promoted,No,leave
806,Shiv,9876544345,Hyderabad,B2,Operation,Male,2.1,> 1 & < =3,7.1,Single,30.07,Direct,Promoted,No,stay
807,Shiv,9876544345,Bangalore,B2,Operation,Male,2.1,> 1 & < =3,7.1,Single,29.1,Direct,Non Promoted,Yes,stay
808,Shiv,9876544345,Chennai,B1,Operation,Female,2.09,> 1 & < =3,2.09,Marr.,24.08,Direct,Promoted,No,leave
809,Shiv,9876544345,Lucknow,B2,Support,Female,2.09,> 1 & < =3,8.02,Marr.,31.03,Direct,Non Promoted,No,leave
810,Shiv,9876544345,Noida,B3,Support,Male,2.09,> 1 & < =3,13.09,Marr.,37.08,Employee Referral,Non Promoted,Yes,stay
811,Shiv,9876544345,Chennai,B2,Operation,Female,2.09,> 1 & < =3,3.09,Marr.,27.05,Direct,Non Promoted,Yes,stay
812,Shiv,9876544345,Chennai,B1,Support,Male,2.09,> 1 & < =3,4,Single,25.11,Agency,Promoted,Yes,stay
813,Shiv,9876544345,Lucknow,B1,Operation,Female,2.1,> 1 & < =3,2.1,Marr.,29.11,Direct,Non Promoted,Yes,stay
814,Shiv,9876544345,Chennai,B2,Operation,Female,2.09,> 1 & < =3,9.1,Marr.,32.1,Direct,Non Promoted,Yes,stay
815,Shiv,9876544345,Chennai,B2,Operation,Male,2.1,> 1 & < =3,8.1,Marr.,32.06,Direct,Promoted,Yes,stay
816,Shiv,9876544345,Bangalore,B1,Operation,Male,2.1,> 1 & < =3,5.11,Single,28.07,Direct,Promoted,No,leave
817,Shiv,9876544345,Madurai,B1,Operation,Male,2.1,> 1 & < =3,2.1,Single,25.09,Direct,Non Promoted,Yes,stay
818,Shiv,9876544345,Chennai,B1,Operation,Female,2.1,> 1 & < =3,4.02,Marr.,24.08,Agency,Non Promoted,Yes,stay
819,Shiv,9876544345,Noida,B2,Operation,Male,2.09,> 1 & < =3,8.09,Single,36.06,Employee Referral,Non Promoted,No,leave
820,Shiv,9876544345,Chennai,B1,Operation,Female,2.1,> 1 & < =3,4.1,Single,26.06,Agency,Non Promoted,No,leave
821,Shiv,9876544345,Noida,B2,Operation,Male,2.1,> 1 & < =3,6.01,Marr.,29.08,Direct,Non Promoted,Yes,leave
822,Shiv,9876544345,Bangalore,B3,Operation,Male,2.1,> 1 & < =3,9.04,Marr.,36.08,Agency,Non Promoted,No,leave
823,Shiv,9876544345,Bangalore,B2,Operation,Male,2.1,> 1 & < =3,8.02,Marr.,33.11,Agency,Non Promoted,Yes,stay
824,Shiv,9876544345,Hyderabad,B2,Operation,Female,2.1,> 1 & < =3,8,Marr.,30.09,Employee Referral,Non Promoted,Yes,stay
825,Shiv,9876544345,Noida,B3,Operation,Male,2.1,> 1 & < =3,9.1,Single,33.02,Agency,Non Promoted,No,leave
826,Shiv,9876544345,Bangalore,B1,Operation,Male,2.1,> 1 & < =3,2.1,Single,24.1,Direct,Non Promoted,Yes,stay
827,Shiv,9876544345,Chennai,B1,Operation,Male,2.1,> 1 & < =3,2.1,Single,25.07,Direct,Non Promoted,Yes,stay
828,Shiv,9876544345,Chennai,B1,Operation,Male,2.1,> 1 & < =3,6.02,Single,27.07,Agency,Non Promoted,Yes,stay
829,Shiv,9876544345,Pune,B2,Operation,Male,2.1,> 1 & < =3,10.06,Marr.,38.09,Agency,Promoted,No,stay
830,Shiv,9876544345,Chennai,B3,Operation,Male,2.1,> 1 & < =3,10.07,Marr.,35.07,Agency,Promoted,No,stay
831,Shiv,9876544345,Bangalore,B2,Operation,Male,2.1,> 1 & < =3,7.05,Marr.,39.01,Agency,Promoted,Yes,stay
832,Shiv,9876544345,Chennai,B1,Operation,Female,2.1,> 1 & < =3,2.1,Single,25.05,Direct,Promoted,Yes,stay
833,Shiv,9876544345,Bangalore,B1,Operation,Male,2.1,> 1 & < =3,4.1,Single,28.05,Direct,Promoted,No,leave
834,Shiv,9876544345,Chennai,B1,Operation,Male,2.11,> 1 & < =3,2.11,Single,26.1,Direct,Non Promoted,Yes,stay
835,Shiv,9876544345,Chennai,B1,Operation,Male,2.11,> 1 & < =3,2.11,Single,27.08,Direct,Non Promoted,No,leave
836,Shiv,9876544345,Noida,B1,Operation,Male,2.11,> 1 & < =3,2.11,Single,26.07,Direct,Non Promoted,No,leave
837,Shiv,9876544345,Noida,B1,Operation,Female,3,> 1 & < =3,3,Single,26.01,Direct,Non Promoted,Yes,stay
838,Shiv,9876544345,Bangalore,B1,Operation,Male,3,> 1 & < =3,3,Single,28.08,Direct,Promoted,Yes,stay
839,Shiv,9876544345,Chennai,B1,Operation,Female,2.11,> 1 & < =3,2.11,Single,25.05,Direct,Non Promoted,Yes,stay
840,Shiv,9876544345,Noida,B1,Operation,Female,2.11,> 1 & < =3,2.11,Single,26.04,Direct,Non Promoted,Yes,stay
841,Shiv,9876544345,Hyderabad,B1,Operation,Male,2.1,> 1 & < =3,2.1,Single,28.09,Direct,Non Promoted,Yes,stay
842,Shiv,9876544345,Noida,B2,Operation,Male,2.11,> 1 & < =3,8.11,Marr.,35.06,Direct,Non Promoted,Yes,stay
843,Shiv,9876544345,Noida,B2,Operation,Male,2.1,> 1 & < =3,8.02,Marr.,30.02,Employee Referral,Non Promoted,Yes,stay
844,Shiv,9876544345,Madurai,B1,Operation,Male,2.11,> 1 & < =3,2.11,Single,26.09,Direct,Non Promoted,No,leave
845,Shiv,9876544345,Chennai,B2,Operation,Male,2.11,> 1 & < =3,8.11,Marr.,31.04,Employee Referral,Non Promoted,Yes,stay
846,Shiv,9876544345,Bangalore,B1,Operation,Female,2.11,> 1 & < =3,3.04,Marr.,25.01,Direct,Non Promoted,No,leave
847,Shiv,9876544345,Noida,B1,Operation,Male,2.11,> 1 & < =3,7.04,Marr.,30.05,Direct,Non Promoted,Yes,stay
848,Shiv,9876544345,Bangalore,B1,Operation,Male,2.1,> 1 & < =3,2.1,Single,25.02,Direct,Non Promoted,Yes,stay
849,Shiv,9876544345,Hyderabad,B1,Operation,Male,2.11,> 1 & < =3,3.07,Single,31.07,Direct,Non Promoted,Yes,stay
850,Shiv,9876544345,Chennai,B1,Operation,Male,2.1,> 1 & < =3,9,Marr.,35.05,Direct,Promoted,Yes,stay
851,Shiv,9876544345,Chennai,B1,Operation,Male,2.11,> 1 & < =3,5.11,Single,28.07,Agency,Promoted,No,leave
852,Shiv,9876544345,Noida,B2,Operation,Male,2.11,> 1 & < =3,6.03,Marr.,31,Direct,Non Promoted,Yes,stay
853,Shiv,9876544345,Chennai,B1,Operation,Male,2.11,> 1 & < =3,5.11,Single,29.01,Direct,Non Promoted,Yes,stay
854,Shiv,9876544345,Chennai,B2,Operation,Male,2.11,> 1 & < =3,8,Single,28.09,Agency,Non Promoted,Yes,stay
855,Shiv,9876544345,Bangalore,B1,Operation,Male,2.11,> 1 & < =3,2.11,Single,25.02,Direct,Non Promoted,No,leave
856,Shiv,9876544345,Chennai,B1,Operation,Male,2.11,> 1 & < =3,5.07,Single,28.07,Direct,Promoted,No,leave
857,Shiv,9876544345,Bangalore,B1,Operation,Male,2.11,> 1 & < =3,6.05,Single,30.03,Direct,Promoted,No,leave
858,Shiv,9876544345,Noida,B2,Operation,Male,2.11,> 1 & < =3,11.03,Marr.,35.11,Direct,Promoted,No,stay
859,Shiv,9876544345,Chennai,B1,Operation,Male,3,> 1 & < =3,6.02,Single,27.06,Employee Referral,Promoted,Yes,stay
860,Shiv,9876544345,Chennai,B2,Operation,Male,2.11,> 1 & < =3,12.01,Single,30.07,Employee Referral,Promoted,Yes,stay
861,Shiv,9876544345,Chennai,B1,Operation,Female,3,> 1 & < =3,5.04,Single,27.03,Direct,Promoted,Yes,stay
862,Shiv,9876544345,Chennai,B2,Operation,Male,3,> 1 & < =3,8,Marr.,32.03,Agency,Promoted,No,stay
863,Shiv,9876544345,Hyderabad,B1,Operation,Male,3,> 1 & < =3,7,Marr.,32.05,Agency,Promoted,No,stay
864,Shiv,9876544345,Noida,B2,Operation,Male,3,> 1 & < =3,5.08,Single,30,Direct,Non Promoted,No,leave
865,Shiv,9876544345,Madurai,B2,Operation,Male,3,> 1 & < =3,8,Single,29.06,Direct,Promoted,Yes,stay
866,Shiv,9876544345,Noida,B2,Operation,Male,3,> 1 & < =3,8.07,Marr.,34.07,Agency,Non Promoted,Yes,stay
867,Shiv,9876544345,Bangalore,B2,Operation,Female,2.11,> 1 & < =3,7.07,Marr.,29.1,Agency,Non Promoted,No,leave
868,Shiv,9876544345,Bangalore,B1,Operation,Male,3,> 1 & < =3,7,Marr.,32.09,Agency,Non Promoted,No,leave
869,Shiv,9876544345,Bangalore,B1,Operation,Male,3,> 1 & < =3,3,Single,25.06,Direct,Promoted,Yes,stay
870,Shiv,9876544345,Chennai,B1,Operation,Male,3,> 1 & < =3,6,Single,27.11,Direct,Promoted,Yes,stay
871,Shiv,9876544345,Chennai,B1,Operation,Female,3,> 1 & < =3,7.06,Marr.,29.06,Direct,Promoted,Yes,stay
872,Shiv,9876544345,Noida,B1,Operation,Male,3,> 1 & < =3,7.02,Marr.,28.06,Direct,Promoted,No,stay
873,Shiv,9876544345,Bangalore,B1,Operation,Female,3,> 1 & < =3,7,Marr.,28.06,Direct,Promoted,No,stay
874,Shiv,9876544345,Bangalore,B1,Operation,Male,3,> 1 & < =3,4.05,Marr.,26.08,Direct,Promoted,No,leave
875,Shiv,9876544345,Pune,B1,Operation,Male,3,> 1 & < =3,5.02,Marr.,29.06,Agency,Promoted,No,stay
876,Shiv,9876544345,Noida,B2,Operation,Female,3,> 1 & < =3,6.04,Marr.,29.05,Agency,Promoted,No,stay
877,Shiv,9876544345,Noida,B2,Operation,Male,3,> 1 & < =3,7,Single,31.11,Agency,Promoted,Yes,stay
878,Shiv,9876544345,Bangalore,B1,Operation,Male,3,> 1 & < =3,5,Single,26.07,Direct,Promoted,Yes,stay
879,Shiv,9876544345,Noida,B1,Operation,Male,3,> 1 & < =3,4.02,Single,27.04,Direct,Promoted,Yes,stay
880,Shiv,9876544345,Chennai,B1,Operation,Male,0,< =1,3.07,Single,27.08,Direct,Non Promoted,No,leave
881,Shiv,9876544345,Bangalore,B1,Operation,Male,0.03,< =1,3.03,Single,28.03,Agency,Promoted,No,leave
882,Shiv,9876544345,Bangalore,B1,Operation,Female,0.04,< =1,2.04,Single,23.01,Direct,Promoted,No,leave
883,Shiv,9876544345,Chennai,B1,Operation,Female,0.04,< =1,3.07,Marr.,27.02,Agency,Promoted,No,stay
884,Shiv,9876544345,Noida,B2,Support,Female,0.06,< =1,5.06,Marr.,29.03,Employee Referral,Non Promoted,Yes,stay
885,Shiv,9876544345,Chennai,B1,Operation,Male,0.07,< =1,1.07,Single,22.07,Direct,Promoted,No,leave
886,Shiv,9876544345,Bangalore,B1,Operation,Male,0.1,< =1,5.04,Marr.,28.11,Agency,Promoted,No,leave
887,Rahul,9876544345,Bangalore,B1,Operation,Female,0.11,< =1,4,Single,22.08,Direct,Promoted,Yes,stay
888,Rahul,9876544345,Noida,D2,Operation,Female,1.05,> 1 & < =3,6,Marr.,29.01,Direct,Promoted,Yes,stay
889,Rahul,9876544345,Chennai,B1,Support,Male,1.07,> 1 & < =3,4.09,Single,27.11,Direct,Promoted,No,leave
890,Rahul,9876544345,Noida,B1,Operation,Male,1.08,> 1 & < =3,4.02,Single,27.01,Direct,Promoted,No,leave
891,Rahul,9876544345,Chennai,B1,Operation,Female,2,> 1 & < =3,2,Sep.,24.07,Direct,Promoted,No,leave
892,Rahul,9876544345,Madurai,B1,Operation,Male,0.08,< =1,3.08,Single,27.07,Direct,Promoted,Yes,stay
893,Rahul,9876544345,Vijayawada,B1,Operation,Female,0.06,< =1,3.06,Marr.,25.02,Direct,Promoted,No,leave
894,Rahul,9876544345,Hyderabad,B1,Operation,Female,0.06,< =1,,NTBD,30,Direct,Promoted,No,stay
895,Rahul,9876544345,Vijayawada,B1,Operation,Male,0.03,< =1,0.03,Single,22.05,Direct,Non Promoted,No,leave
896,Rahul,9876544345,Vijayawada,B1,Operation,Male,0.03,< =1,0.03,Single,22.06,Direct,Non Promoted,,stay
897,Rahul,9876544345,Vijayawada,B1,Operation,Male,0.03,< =1,0.03,Single,24.06,Direct,Non Promoted,Yes,stay
898,Rahul,9876544345,Vijayawada,B1,Operation,Female,0.03,< =1,0.03,Single,21.09,Direct,Non Promoted,Yes,stay
899,Rahul,9876544345,Vijayawada,B1,Operation,Female,0.03,< =1,0.03,Single,22.02,Direct,Non Promoted,Yes,leave
900,Rahul,9876544345,Vijayawada,B1,Operation,Female,0.03,< =1,0.03,Single,22.01,Direct,Non Promoted,,leave
901,Rahul,9876544345,Vijayawada,B1,Operation,Female,0.03,< =1,0.03,Single,22.02,Direct,Non Promoted,Yes,stay
902,Rahul,9876544345,Madurai,B2,Operation,Male,0.02,< =1,10.02,Marr.,32.08,Direct,Non Promoted,No,stay
